BEGIN TRANSACTION;
INSERT OR IGNORE INTO Carrier(pkey,carriertype,desc,technology) values ('AnalogFXO','PSTN','Analogue FXO','Analogue');
INSERT OR IGNORE INTO Carrier(pkey,carrier,carriertype,desc,md5encrypt,technology) values ('CLID','CLID','CLID','CLID ','NO','CLID');
INSERT OR IGNORE INTO Carrier(pkey,carriertype,desc,technology) values ('Custom','group','Custom Trunk','Custom');
INSERT OR IGNORE INTO Carrier(pkey,carrier,carriertype,desc,technology) values ('DAHDIGroup','DAHDIGroup','group','DAHDI Group','DAHDI');
INSERT OR IGNORE INTO Carrier(pkey,carrier,carriertype,desc,md5encrypt,technology) values ('DiD','DiD','DiD','DiD ','NO','DiD');
INSERT OR IGNORE INTO Carrier(pkey,carrier,carriertype,desc,md5encrypt,register,sipiaxpeer,sipiaxuser,technology) values ('GeneralIAX2','GeneralIAX2','VOIP','A general IAX2 carrier','NO','username:password@url/username','type=peer
host=
qualify=yes
canreinvite=no
username=
fromuser=
secret=','type=user
context=mainmenu
requirecalltoken=no','IAX2');
INSERT OR IGNORE INTO Carrier(pkey,carrier,carriertype,desc,md5encrypt,register,sipiaxpeer,technology) values ('GeneralSIP','GeneralSIP','VOIP','A general SIP carrier','NO','username:password@url/username','type=peer
host=
qualify=yes
canreinvite=no
username=
fromuser=
secret=
insecure=port,invite','SIP');
INSERT OR IGNORE INTO Carrier(pkey,carrier,carriertype,desc,md5encrypt,register,sipiaxpeer,sipiaxuser,technology) values ('IAX2','GeneralIAX2','VOIP','A general IAX2 carrier','NO','username:password@url/username','type=peer
host=
qualify=yes
canreinvite=no
username=
fromuser=
secret=','type=user
context=mainmenu','IAX2');
INSERT OR IGNORE INTO Carrier(pkey,carrier,carriertype,desc,md5encrypt,sipiaxpeer,sipiaxuser,technology) values ('InterSARK','InterSARK','Sibling','Sibling Comms','NO','type=peer
host=
qualify=yes
canreinvite=no
username=
fromuser=
secret=
trunk=no','type=user
secret=
context=internal
requirecalltoken=no','IAX2');
INSERT OR IGNORE INTO Carrier(pkey,carrier,carriertype,desc,md5encrypt,technology) values ('PTT_CLID','PTT_CLID','CLID','CLID ','NO','CLID');
INSERT OR IGNORE INTO Carrier(pkey,carrier,carriertype,desc,md5encrypt,technology) values ('PTT_CLID_Class','PTT_CLID_Class','Class','CLID Class ','NO','Class');
INSERT OR IGNORE INTO Carrier(pkey,carrier,carriertype,desc,md5encrypt,technology) values ('PTT_DiD_Class','PTT_DiD_Class','Class','DiD Class ','NO','Class');
INSERT OR IGNORE INTO Carrier(pkey,carrier,carriertype,desc,md5encrypt,technology) values ('PTT_DiD_Group','PTT_DiD_Group','DiD','DiD ','NO','DiD');
INSERT OR IGNORE INTO Carrier(pkey,carrier,carriertype,desc,md5encrypt,register,sipiaxpeer,technology) values ('SIP','SIP','VOIP','A general SIP carrier','NO','username:password@url/username','type=peer
host=
qualify=yes
canreinvite=no
username=
fromuser=
secret=
insecure=port,invite','SIP');
INSERT OR IGNORE INTO Carrier(pkey,carrier,carriertype,desc,md5encrypt,sipiaxpeer,sipiaxuser,technology) values ('SailToSail','SailToSail','Sibling','Sibling Comms','NO','type=peer
host=
qualify=yes
canreinvite=no
username=
fromuser=
secret=
trunk=yes','type=user
secret=
context=internal
requirecalltoken=no','IAX2');
INSERT OR IGNORE INTO Carrier(pkey,carrier,carriertype,desc,sipiaxpeer,technology) values ('mISDN','mISDN','group','msdn drivers','type=peer
host=
qualify=yes
canreinvite=no
username=
fromuser=
secret=','mISDN');
INSERT OR IGNORE INTO mfgmac(pkey,name) values ('00:01:E3','Siemens');
INSERT OR IGNORE INTO mfgmac(pkey,name,notify) values ('00:04:13','Snom','snom-check-cfg');
INSERT OR IGNORE INTO mfgmac(pkey,name,notify) values ('00:04:F2','Polycom IP','polycom-check-cfg');
INSERT OR IGNORE INTO mfgmac(pkey,name,notify) values ('00:08:5D','Aastra','aastra-check-cfg');
INSERT OR IGNORE INTO mfgmac(pkey,name,notify) values ('00:0B:82','Grandstream','grandstream-check-cfg');
INSERT OR IGNORE INTO mfgmac(pkey,name,notify) values ('00:0E:08','Linksys','sipura-check-cfg');
INSERT OR IGNORE INTO mfgmac(pkey,name,notify) values ('00:11:5C','Cisco 7960','cisco-check-cfg');
INSERT OR IGNORE INTO mfgmac(pkey,name,notify) values ('00:14:A8','Cisco 7940','cisco-check-cfg');
INSERT OR IGNORE INTO mfgmac(pkey,name,notify) values ('00:15:65','Yealink T2x','yealink-check-cfg');
INSERT OR IGNORE INTO mfgmac(pkey,name,notify) values ('00:23:69','Linksys','sipura-check-cfg');
INSERT OR IGNORE INTO mfgmac(pkey,name,notify) values ('00:80:F0','Panasonic','panasonic-check-cfg');
INSERT OR IGNORE INTO mfgmac(pkey,name,notify) values ('08:00:23','Panasonic','panasonic-check-cfg');
INSERT OR IGNORE INTO mfgmac(pkey,name) values ('08:00:0F','Mitel');
INSERT OR IGNORE INTO mfgmac(pkey,name,notify) values ('64:9E:F3','Cisco SPA','sipura-check-cfg');
INSERT OR IGNORE INTO mfgmac(pkey,name,notify) values ('7C:2F:80','Gigaset','gigaset-check-cfg');

INSERT OR IGNORE INTO mfgmac(pkey,name,notify) values ('14:AE:DB','Vtech','vtech-check-cfg');
INSERT OR IGNORE INTO mfgmac(pkey,name,notify) values ('00:12:2A','Vtech','vtech-check-cfg');

INSERT OR IGNORE INTO tt_help_core(pkey,displayname,htext) values ('Act','Act?','Denotes whether the object is active (i.e. part of the running config) ');
INSERT OR IGNORE INTO tt_help_core(pkey,displayname,name) values ('Globals_Main','Globals','Globals_Main');
INSERT OR IGNORE INTO tt_help_core(pkey,displayname,htext) values ('SarkPCIh21','Hardware Discovery','Heading');
INSERT OR IGNORE INTO tt_help_core(pkey,displayname,htext) values ('SarkPCIh22','Hardware Discovery','Heading');
INSERT OR IGNORE INTO tt_help_core(pkey,displayname,htext) values ('SarkPCIh23','Generate','Heading');
INSERT OR IGNORE INTO tt_help_core(pkey,displayname,htext) values ('SarkPCImsg1','Error during Dahdi genconf','Message');
INSERT OR IGNORE INTO tt_help_core(pkey,displayname,htext) values ('SarkPCImsg10','DAHDI definitions have been initialized!','Message');
INSERT OR IGNORE INTO tt_help_core(pkey,displayname,htext) values ('SarkPCImsg11','Click OK to run the generator or Cancel to quit','Message');
INSERT OR IGNORE INTO tt_help_core(pkey,displayname,htext) values ('SarkPCImsg12','Error occurred during DAHDI generation!','Message');
INSERT OR IGNORE INTO tt_help_core(pkey,displayname,htext) values ('SarkPCImsg2','Couldnt open DAHDI system File - ending','Message');
INSERT OR IGNORE INTO tt_help_core(pkey,displayname,htext) values ('SarkPCImsg3','Couldnt open DAHDI channels File - ending ','Message');
INSERT OR IGNORE INTO tt_help_core(pkey,displayname,htext) values ('SarkPCImsg4','Press ReGen to run Hardware Discovery.','Message');
INSERT OR IGNORE INTO tt_help_core(pkey,displayname,htext) values ('SarkPCImsg5','Press Initialise to clear down your definitions (recommended after a hardware change)','Message');
INSERT OR IGNORE INTO tt_help_core(pkey,displayname,htext) values ('SarkPCImsg6','You may freely modify the generated files','Message');
INSERT OR IGNORE INTO tt_help_core(pkey,displayname,htext) values ('SarkPCImsg7','Press Commit to save your changes then STOP/START the PBX','Message');
INSERT OR IGNORE INTO tt_help_core(pkey,displayname,htext) values ('SarkPCImsg8','Successfully updated DAHDI - STOP and START the PBX to activate your changes...','Message');
INSERT OR IGNORE INTO tt_help_core(pkey,displayname,htext) values ('SarkPCImsg9','Clicking the Trashcan will clear your DAHDI definitions - are you sure?','Message');
INSERT OR IGNORE INTO tt_help_core(pkey,displayname,htext) values ('Sarkactivetext','Device definition is active','Text');
INSERT OR IGNORE INTO tt_help_core(pkey,displayname,htext) values ('Sarkadopttext','Click to adopt this device','Message text');
INSERT OR IGNORE INTO tt_help_core(pkey,displayname,htext) values ('Sarkagenth21','Agents','Heading');
INSERT OR IGNORE INTO tt_help_core(pkey,displayname,htext) values ('Sarkagenth22','Add an Agent','Heading');
INSERT OR IGNORE INTO tt_help_core(pkey,displayname,htext) values ('Sarkagenth23','Select the queues the agent is a member of. (Maximum 6).','Heading');
INSERT OR IGNORE INTO tt_help_core(pkey,displayname,htext) values ('Sarkagenth24','Modify an Agent','Heading');
INSERT OR IGNORE INTO tt_help_core(pkey,displayname,htext) values ('Sarkagentmsg1','There are no agents on the system.','Message');
INSERT OR IGNORE INTO tt_help_core(pkey,displayname,htext) values ('Sarkautoh21','Closed Time/Date segments','Heading');
INSERT OR IGNORE INTO tt_help_core(pkey,displayname,htext) values ('Sarkautoh22','Add or Modify a Date Segment','Heading');
INSERT OR IGNORE INTO tt_help_core(pkey,displayname,htext) values ('Sarkautomsg1','There are no Date Segments currently defined','Message');
INSERT OR IGNORE INTO tt_help_core(pkey,displayname,htext) values ('SarkbuttonAdopt','Adopt','Button Text');
INSERT OR IGNORE INTO tt_help_core(pkey,displayname,htext) values ('SarkbuttonAuto','CreateAliases','Button');
INSERT OR IGNORE INTO tt_help_core(pkey,displayname,htext) values ('SarkbuttonBack','Back','Button');
INSERT OR IGNORE INTO tt_help_core(pkey,displayname,htext) values ('SarkbuttonCancel','Cancel','Button Text');
INSERT OR IGNORE INTO tt_help_core(pkey,displayname,htext) values ('SarkbuttonCommit','Commit','Button Text');
INSERT OR IGNORE INTO tt_help_core(pkey,displayname,htext) values ('SarkbuttonContinue','Continue','Button Text');
INSERT OR IGNORE INTO tt_help_core(pkey,displayname,htext) values ('SarkbuttonDelete','Delete','Button Text');
INSERT OR IGNORE INTO tt_help_core(pkey,displayname,htext) values ('SarkbuttonDump','Dump','Button');
INSERT OR IGNORE INTO tt_help_core(pkey,displayname,htext) values ('SarkbuttonFailback','FAILBACK','Button');
INSERT OR IGNORE INTO tt_help_core(pkey,displayname,htext) values ('SarkbuttonHaoff','HA OFF','Button Text');
INSERT OR IGNORE INTO tt_help_core(pkey,displayname,htext) values ('SarkbuttonHaon','HA ON','Button Text');
INSERT OR IGNORE INTO tt_help_core(pkey,displayname,htext) values ('SarkbuttonInitialise','Initialise','Button');
INSERT OR IGNORE INTO tt_help_core(pkey,displayname,htext) values ('SarkbuttonInitialize','Initialize','Button');
INSERT OR IGNORE INTO tt_help_core(pkey,displayname,htext) values ('SarkbuttonNew','New','Button text');
INSERT OR IGNORE INTO tt_help_core(pkey,displayname,htext) values ('SarkbuttonOK','OK','BUtton');
INSERT OR IGNORE INTO tt_help_core(pkey,displayname,htext) values ('SarkbuttonRegen','ReGen','Button');
INSERT OR IGNORE INTO tt_help_core(pkey,displayname,htext) values ('SarkbuttonRegress','Regress','Button Text');
INSERT OR IGNORE INTO tt_help_core(pkey,displayname,htext) values ('SarkbuttonResolve','Resolve','Button Text');
INSERT OR IGNORE INTO tt_help_core(pkey,displayname,htext) values ('SarkbuttonRestore','Restore','Button');
INSERT OR IGNORE INTO tt_help_core(pkey,displayname,htext) values ('SarkbuttonSave','Save','Button Text');
INSERT OR IGNORE INTO tt_help_core(pkey,displayname,htext) values ('SarkbuttonStart','Start','Button Text');
INSERT OR IGNORE INTO tt_help_core(pkey,displayname,htext) values ('SarkbuttonStop','Stop','Button Text');
INSERT OR IGNORE INTO tt_help_core(pkey,displayname,htext) values ('Sarkcallbackh21','Authorized Call Back Numbers','Heading');
INSERT OR IGNORE INTO tt_help_core(pkey,displayname,htext) values ('Sarkcallbackh22','Create Authorized Number Entry','Heading');
INSERT OR IGNORE INTO tt_help_core(pkey,displayname,htext) values ('Sarkcallbackh23','Modify an Authorized Number Entry','Heading');
INSERT OR IGNORE INTO tt_help_core(pkey,displayname,htext) values ('Sarkcallbackmsg1','There are no Authorized Call Back Numbers on the system.','Message');
INSERT OR IGNORE INTO tt_help_core(pkey,displayname,htext) values ('Sarkcallbackmsg2','Channel Field is empty - Choose a channel!','Message');
INSERT OR IGNORE INTO tt_help_core(pkey,displayname,htext) values ('Sarkcallbackmsg3','WARNING! - Cluster does not own this channel!','Message');
INSERT OR IGNORE INTO tt_help_core(pkey,displayname,htext) values ('Sarkcallbackmsg4','Channel Field is empty - Choose a channel!','Message');
INSERT OR IGNORE INTO tt_help_core(pkey,displayname,htext) values ('Sarkcarrierh21','Carriers','Heading');
INSERT OR IGNORE INTO tt_help_core(pkey,displayname,htext) values ('Sarkcarrierh22','Add or Modify a Carrier','Heading');
INSERT OR IGNORE INTO tt_help_core(pkey,displayname,htext) values ('Sarkcarriermsg1','There are no carriers defined to the system','Message');
INSERT OR IGNORE INTO tt_help_core(pkey,displayname,htext) values ('Sarkclusterh21','Multi-tenants','Heading');
INSERT OR IGNORE INTO tt_help_core(pkey,displayname,htext) values ('Sarkclusterh22','Add a New Tenant','Heading');
INSERT OR IGNORE INTO tt_help_core(pkey,displayname,htext) values ('Sarkclusterh23','Modify a Tenant','Haeding');
INSERT OR IGNORE INTO tt_help_core(pkey,displayname,htext) values ('Sarkclustermsg1','There are no tenants defined to the system','Message');
INSERT OR IGNORE INTO tt_help_core(pkey,displayname,htext) values ('Sarkcosh21','Class Of Service(COS)','Heading');
INSERT OR IGNORE INTO tt_help_core(pkey,displayname,htext) values ('Sarkcosh22','Modify a Class of Service','Heading');
INSERT OR IGNORE INTO tt_help_core(pkey,displayname,htext) values ('Sarkcosh23','Add a Class of Service','Heading');
INSERT OR IGNORE INTO tt_help_core(pkey,displayname,htext) values ('Sarkcosmsg1','There are no Classes of Service on the system.','Message');
INSERT OR IGNORE INTO tt_help_core(pkey,displayname,htext) values ('Sarkcustomh21','Custom Applications','Heading');
INSERT OR IGNORE INTO tt_help_core(pkey,displayname,htext) values ('Sarkcustomh22','Create Custom Application','Heading');
INSERT OR IGNORE INTO tt_help_core(pkey,displayname,htext) values ('Sarkcustomh23','extensions.conf code','Heading');
INSERT OR IGNORE INTO tt_help_core(pkey,displayname,htext) values ('Sarkcustomh24','Modify a Custom Application','Heading');
INSERT OR IGNORE INTO tt_help_core(pkey,displayname,htext) values ('Sarkcustomh25','Context Name','Heading');
INSERT OR IGNORE INTO tt_help_core(pkey,displayname,htext) values ('Sarkcustommsg1','There are no Custom Applications on the system.','Message');
INSERT OR IGNORE INTO tt_help_core(pkey,displayname) values ('Sarkdeletetext','Click to Delete');
INSERT OR IGNORE INTO tt_help_core(pkey,displayname,htext) values ('Sarkedith21','View/Modify an Asterisk System File','Heading');
INSERT OR IGNORE INTO tt_help_core(pkey,displayname,htext) values ('Sarkedittext','Click to Edit','Title');
INSERT OR IGNORE INTO tt_help_core(pkey,displayname,htext) values ('Sarkerrorcommit','Error occurred during Commit processing','Error Text');
INSERT OR IGNORE INTO tt_help_core(pkey,displayname,htext) values ('Sarkglobalsh21','GENERAL SETTINGS','Heading');
INSERT OR IGNORE INTO tt_help_core(pkey,displayname,htext) values ('Sarkglobalsh210','LOGGING','Heading');
INSERT OR IGNORE INTO tt_help_core(pkey,displayname,htext) values ('Sarkglobalsh211','VOICE RECORDING','Heading');
INSERT OR IGNORE INTO tt_help_core(pkey,displayname,htext) values ('Sarkglobalsh212','Regress The System','Heading');
INSERT OR IGNORE INTO tt_help_core(pkey,displayname,htext) values ('Sarkglobalsh213','Available Images','Heading');
INSERT OR IGNORE INTO tt_help_core(pkey,displayname,htext) values ('Sarkglobalsh214','Create/Restore the PBX image from backup','Heading');
INSERT OR IGNORE INTO tt_help_core(pkey,displayname,htext) values ('Sarkglobalsh22','EXTENSIONS','Heading');
INSERT OR IGNORE INTO tt_help_core(pkey,displayname,htext) values ('Sarkglobalsh23','AUXILIARY SERVERS','Heading');
INSERT OR IGNORE INTO tt_help_core(pkey,displayname,htext) values ('Sarkglobalsh24','VINTAGE EMULATION','Heading');
INSERT OR IGNORE INTO tt_help_core(pkey,displayname,htext) values ('Sarkglobalsh25','VoIP SETTINGS','Heading');
INSERT OR IGNORE INTO tt_help_core(pkey,displayname,htext) values ('Sarkglobalsh26','PASSWORDS','Heading');
INSERT OR IGNORE INTO tt_help_core(pkey,displayname,htext) values ('Sarkglobalsh27','TONES','Heading');
INSERT OR IGNORE INTO tt_help_core(pkey,displayname,htext) values ('Sarkglobalsh28','DIAGNOSTICS','Heading');
INSERT OR IGNORE INTO tt_help_core(pkey,displayname,htext) values ('Sarkglobalsh29','HIGH AVAILABILITY','Heading');
INSERT OR IGNORE INTO tt_help_core(pkey,displayname,htext) values ('Sarkglobalsh30','CALL RECORDING','Legend H2');
INSERT OR IGNORE INTO tt_help_core(pkey,displayname,htext) values ('Sarkglobalsmsg1','Errors were found in input!','Message');
INSERT OR IGNORE INTO tt_help_core(pkey,displayname,htext) values ('Sarkglobalsmsg2','TFTP server is not installed!','Message');
INSERT OR IGNORE INTO tt_help_core(pkey,displayname,htext) values ('Sarkglobalsmsg3','Globals Saved','Message');
INSERT OR IGNORE INTO tt_help_core(pkey,displayname,htext) values ('Sarkglobalsmsg4','Clicking the button will regress the system - are you sure?','Message');
INSERT OR IGNORE INTO tt_help_core(pkey,displayname,htext) values ('Sarkglobalsmsg5','Regression Complete','Message');
INSERT OR IGNORE INTO tt_help_core(pkey,displayname,htext) values ('Sarkglobalsmsg6','Nothing to Regress','Heading');
INSERT OR IGNORE INTO tt_help_core(pkey,displayname,htext) values ('Sarkglobalsmsg7','Could not Mount USB Flash','Message');
INSERT OR IGNORE INTO tt_help_core(pkey,displayname,htext) values ('Sarkglobalsmsg8','Clicking the icon will load previous identity  - are you sure?','Message');
INSERT OR IGNORE INTO tt_help_core(pkey,displayname,htext) values ('Sarkglobalsmsg9','New Identity fetched from flash - move csv files manually','Message');
INSERT OR IGNORE INTO tt_help_core(pkey,displayname,htext) values ('Sarkgreetingh21','Greetings','Header');
INSERT OR IGNORE INTO tt_help_core(pkey,displayname,htext) values ('Sarkgreetingh22','Modify a Greeting','Header');
INSERT OR IGNORE INTO tt_help_core(pkey,displayname,htext) values ('Sarkgreetingmsg1','There are no greetings recorded on the system','Message');
INSERT OR IGNORE INTO tt_help_core(pkey,displayname,htext) values ('Sarkheaderh21','Asterisk System File Headers','Heading');
INSERT OR IGNORE INTO tt_help_core(pkey,displayname,htext) values ('Sarkheaderh22','Modify an Asterisk system file Header','Heading');
INSERT OR IGNORE INTO tt_help_core(pkey,displayname,htext) values ('Sarkheadermsg1','There are no headers on the system.','Heading');
INSERT OR IGNORE INTO tt_help_core(pkey,displayname,htext) values ('Sarkinternalh21','Extensions','Heading Text');
INSERT OR IGNORE INTO tt_help_core(pkey,displayname,htext) values ('Sarkinternalh210','Modify an Extension','Heading');
INSERT OR IGNORE INTO tt_help_core(pkey,displayname,htext) values ('Sarkinternalh22','Local Orphans','Header Text');
INSERT OR IGNORE INTO tt_help_core(pkey,displayname,htext) values ('Sarkinternalh23','Add an Extension','Heading Text');
INSERT OR IGNORE INTO tt_help_core(pkey,displayname,htext) values ('Sarkinternalh24','Open Hours Dialling Restrictions','Heading Text');
INSERT OR IGNORE INTO tt_help_core(pkey,displayname,htext) values ('Sarkinternalh25','Closed Hours Dialling Restrictions:','Heading Text');
INSERT OR IGNORE INTO tt_help_core(pkey,displayname,htext) values ('Sarkinternalh26','Class of Service Restrictions','Heading Text');
INSERT OR IGNORE INTO tt_help_core(pkey,displayname,htext) values ('Sarkinternalh27','Class of Service Restrictions','Header');
INSERT OR IGNORE INTO tt_help_core(pkey,displayname,htext) values ('Sarkinternalh28','Open Hours Dialling Restrictions','Header');
INSERT OR IGNORE INTO tt_help_core(pkey,displayname,htext) values ('Sarkinternalh29','Closed Hours Dialling Restrictions','Header');
INSERT OR IGNORE INTO tt_help_core(pkey,displayname,htext) values ('Sarkinternali11','Number of extensions','title');
INSERT OR IGNORE INTO tt_help_core(pkey,displayname,htext) values ('Sarkinternali12','Number Registered','Title');
INSERT OR IGNORE INTO tt_help_core(pkey,displayname,htext) values ('Sarkinternalmsg1','There are no phones on the system','Message Text');
INSERT OR IGNORE INTO tt_help_core(pkey,displayname,htext) values ('Sarkinternalmsg2','There are no orphans on the system','Message Text');
INSERT OR IGNORE INTO tt_help_core(pkey,displayname,htext) values ('Sarkinternalmsg3','Wrong length Extension','Message Text');
INSERT OR IGNORE INTO tt_help_core(pkey,displayname,htext) values ('Sarkinternalmsg4','Successfuly added IP end-point','Message Text');
INSERT OR IGNORE INTO tt_help_core(pkey,displayname,htext) values ('Sarkivrh21','IVR Menus','Heading');
INSERT OR IGNORE INTO tt_help_core(pkey,displayname,htext) values ('Sarkivrh22','Add an IVR Menu','Heading');
INSERT OR IGNORE INTO tt_help_core(pkey,displayname,htext) values ('Sarkivrh23','Modify an IVR Menu','Heading');
INSERT OR IGNORE INTO tt_help_core(pkey,displayname,htext) values ('Sarkivrh24','IVR Menu Name','Heading');
INSERT OR IGNORE INTO tt_help_core(pkey,displayname,htext) values ('Sarkivrmsg1','There are no IVR menus on the system.','Message');
INSERT OR IGNORE INTO tt_help_core(pkey,displayname,htext) values ('Sarkmontext','End-point is being monitored by SARK ','Text');
INSERT OR IGNORE INTO tt_help_core(pkey,displayname) values ('Sarknotifytext','Issue a notify');
INSERT OR IGNORE INTO tt_help_core(pkey,displayname,htext) values ('Sarkoffline','End-point is Offline','Title');
INSERT OR IGNORE INTO tt_help_core(pkey,displayname,htext) values ('Sarkphoneh21','IP Device Definitions','Heading');
INSERT OR IGNORE INTO tt_help_core(pkey,displayname,htext) values ('Sarkphoneh22','Modify an IP Device Definition','Heading');
INSERT OR IGNORE INTO tt_help_core(pkey,displayname,htext) values ('Sarkphoneh23','Add an IP Device Definition','Heading');
INSERT OR IGNORE INTO tt_help_core(pkey,displayname,htext) values ('Sarkproxytext','End-point is on-line and registered - Click to Proxy','Title');
INSERT OR IGNORE INTO tt_help_core(pkey,displayname,htext) values ('Sarkqueueh21','Queues','Heading');
INSERT OR IGNORE INTO tt_help_core(pkey,displayname,htext) values ('Sarkqueueh22','Add a Queue','Heading');
INSERT OR IGNORE INTO tt_help_core(pkey,displayname,htext) values ('Sarkqueueh23','Modify a Queue','Heading');
INSERT OR IGNORE INTO tt_help_core(pkey,displayname,htext) values ('Sarkqueuemsg1','There are no queues on the system','Message');
INSERT OR IGNORE INTO tt_help_core(pkey,displayname,htext) values ('Sarkqueuemsg2','There was an error in Queue Options - Using default values','Message');
INSERT OR IGNORE INTO tt_help_core(pkey,displayname,htext) values ('Sarkqueuemsg3','There was an error in Queue Options - Using previous values','Message');
INSERT OR IGNORE INTO tt_help_core(pkey,displayname,htext) values ('Sarkremotetext','Device is on-line','Text');
INSERT OR IGNORE INTO tt_help_core(pkey,displayname,htext) values ('SarkrouteMsg1','Successfully updated Route','Message');
INSERT OR IGNORE INTO tt_help_core(pkey,displayname,htext) values ('Sarkrouteh21','Routes','Heading');
INSERT OR IGNORE INTO tt_help_core(pkey,displayname,htext) values ('Sarkrouteh22','Modify a Route','Header');
INSERT OR IGNORE INTO tt_help_core(pkey,displayname,htext) values ('Sarkrouteh23','Add a Route','Header');
INSERT OR IGNORE INTO tt_help_core(pkey,displayname,htext) values ('Sarkspeedh21','Call Groups and Aliases','Header');
INSERT OR IGNORE INTO tt_help_core(pkey,displayname,htext) values ('Sarkspeedh22','Add or Modify a Call Group or Alias','Header');
INSERT OR IGNORE INTO tt_help_core(pkey,displayname,htext) values ('Sarkspeedh23','Enter the details for this Call Group','Heading');
INSERT OR IGNORE INTO tt_help_core(pkey,displayname,htext) values ('Sarkspeedmsg2','Successfully (re-)created Aliaes','Message');
INSERT OR IGNORE INTO tt_help_core(pkey,displayname,htext) values ('Sarkspeedmsg3','There are no Call Groups or Aliases defined.','Message');
INSERT OR IGNORE INTO tt_help_core(pkey,displayname,htext) values ('Sarkspeedmsg4','Callgroup field is blank!','Message');
INSERT OR IGNORE INTO tt_help_core(pkey,displayname,htext) values ('Sarkspeedmsg5','You may only specify ONE redirect number for an Alias!','Message');
INSERT OR IGNORE INTO tt_help_core(pkey,displayname,htext) values ('Sarkspeedmsg6','Loop detected in your group!','Message');
INSERT OR IGNORE INTO tt_help_core(pkey,displayname,htext) values ('Sarksystemh11','TDM/VoIP Softswitch - ','Header');
INSERT OR IGNORE INTO tt_help_core(pkey,displayname,htext) values ('Sarksystemmsg1','Updates have been Committed','System Message');
INSERT OR IGNORE INTO tt_help_core(pkey,displayname,htext) values ('Sarksystemmsg10','HA Values missing - cant start','Message');
INSERT OR IGNORE INTO tt_help_core(pkey,displayname,htext) values ('Sarksystemmsg11','Keyfield is blank - enter a key.','Message');
INSERT OR IGNORE INTO tt_help_core(pkey,displayname,htext) values ('Sarksystemmsg2','Keyfield already exists in the Database - Choose another Key for this object','Message Text');
INSERT OR IGNORE INTO tt_help_core(pkey,displayname) values ('Sarksystemmsg3','Clicking the trashcan will delete this object - Sure?');
INSERT OR IGNORE INTO tt_help_core(pkey,displayname) values ('Sarksystemmsg4','You cannot remove system devices from this panel.');
INSERT OR IGNORE INTO tt_help_core(pkey,displayname,htext) values ('Sarksystemmsg5','Successfully Deleted','Message');
INSERT OR IGNORE INTO tt_help_core(pkey,displayname,htext) values ('Sarksystemmsg6','Stopped the PBX','Message');
INSERT OR IGNORE INTO tt_help_core(pkey,displayname) values ('Sarksystemmsg7','Started the PBX');
INSERT OR IGNORE INTO tt_help_core(pkey,displayname,htext) values ('Sarksystemmsg8','Stopped the High Availability Engine','Message');
INSERT OR IGNORE INTO tt_help_core(pkey,displayname,htext) values ('Sarksystemmsg9','Started the High Availability Engine','Message');
INSERT OR IGNORE INTO tt_help_core(pkey,displayname,htext) values ('Sarktinfotext','Trunk endpoint is online','Text');
INSERT OR IGNORE INTO tt_help_core(pkey,displayname,htext) values ('Sarktrunk27','Carrier Name','Heading');
INSERT OR IGNORE INTO tt_help_core(pkey,displayname,htext) values ('Sarktrunkh21','Trunks','Legend');
INSERT OR IGNORE INTO tt_help_core(pkey,displayname,htext) values ('Sarktrunkh210','Local Hostname ','Heading');
INSERT OR IGNORE INTO tt_help_core(pkey,displayname,htext) values ('Sarktrunkh212','Choose the carrier or inbound process path','Heading');
INSERT OR IGNORE INTO tt_help_core(pkey,displayname,htext) values ('Sarktrunkh22','Modify a Trunk or Gateway','Heading');
INSERT OR IGNORE INTO tt_help_core(pkey,displayname,htext) values ('Sarktrunkh23','Add a Gateway Trunk','Heading');
INSERT OR IGNORE INTO tt_help_core(pkey,displayname,htext) values ('Sarktrunkh24','Add a Trunk','Heading');
INSERT OR IGNORE INTO tt_help_core(pkey,displayname,htext) values ('Sarktrunkh25','Sibling System Name','Heading');
INSERT OR IGNORE INTO tt_help_core(pkey,displayname,htext) values ('Sarktrunkh26','Trunk Name','Heading');
INSERT OR IGNORE INTO tt_help_core(pkey,displayname,htext) values ('Sarktrunkh27','Carrier','Heading');
INSERT OR IGNORE INTO tt_help_core(pkey,displayname,htext) values ('Sarktrunkh28','Technology','Heading');
INSERT OR IGNORE INTO tt_help_core(pkey,displayname,htext) values ('Sarktrunkh29','Host','Heading');
INSERT OR IGNORE INTO tt_help_core(pkey,displayname,htext) values ('Sarktrunkmsg1','There are no lines on the system.','Message');
INSERT OR IGNORE INTO tt_help_core(pkey,displayname,htext) values ('Sarktrunkmsg2','There are no carriers on the system, - you must define carriers first.','Message');
INSERT OR IGNORE INTO tt_help_core(pkey,displayname,htext) values ('Sarktrunkmsg3','Sorry, you cannot delete this Trunk','Message');
INSERT OR IGNORE INTO tt_help_core(pkey,displayname,htext) values ('Sarktrunkmsg4','Select:','Message');
INSERT OR IGNORE INTO tt_help_core(pkey,displayname,htext) values ('Sarktrunkmsg5','Trunk name NOT entered!','Message');
INSERT OR IGNORE INTO tt_help_core(pkey,displayname,htext) values ('Sarktrunkmsg6','KEY(S) already present!!! - Operation failed!','Message');
INSERT OR IGNORE INTO tt_help_core(pkey,displayname,htext) values ('Sarkwarntext','End-point is on-line but not registered (this may be OK).','Text');
INSERT OR IGNORE INTO tt_help_core(pkey,displayname,htext) values ('abstimeout','Call Timeout (seconds)','Use this value to set an absolute time limit for outbound calls.  The default is 3600 seconds (1 hour) and the maximum permitted value is 99999 seconds (about 28 hours). After the timer expires, the call will be put on-hook by the system.');
INSERT OR IGNORE INTO tt_help_core(pkey,displayname,htext) values ('acl','Create Extension ACLs?','Set to YES if you want the system to create automatic ACL constraints for local extensions. You should ususally leave this set to YES');
INSERT OR IGNORE INTO tt_help_core(pkey,displayname,htext) values ('action','Action','Firewall Action - for SARK this is always ACCEPT');
INSERT OR IGNORE INTO tt_help_core(pkey,displayname,htext) values ('active','Active?','Activate or de-activate this object');
INSERT OR IGNORE INTO tt_help_core(pkey,displayname,htext) values ('agent','Agent','Agent number (allocated by SARK)');
INSERT OR IGNORE INTO tt_help_core(pkey,displayname,htext) values ('agentact','State','Agent State (active/inactive)');
INSERT OR IGNORE INTO tt_help_core(pkey,displayname,htext) values ('agentext','Extension','Agent extension (if logged in)');
INSERT OR IGNORE INTO tt_help_core(pkey,displayname,htext) values ('agentname','Name','Agent Name');
INSERT OR IGNORE INTO tt_help_core(pkey,displayname,htext) values ('agentpasswd','Password','The agent login password.  It should be 4 digits.');
INSERT OR IGNORE INTO tt_help_core(pkey,displayname,htext) values ('agentqueuename','Queue','Call Queue that this agent will receive calls from.');
INSERT OR IGNORE INTO tt_help_core(pkey,displayname,htext,name) values ('agentstart','Agent Start','Agent number from which SARK will begin allocating agents.','agentstart');
INSERT OR IGNORE INTO tt_help_core(pkey,displayname,htext,name) values ('alert','Diagnostic Alerts','Set to none,email,sms or both. Used to determine how you want to receive diagnostic alerts - SMS requires a PTT SMS gateway.','alert');
INSERT OR IGNORE INTO tt_help_core(pkey,displayname,htext) values ('alertinfo','Alert-info string','Use this field to specify distinctive ring data for the sip header.  This is phone specific so you will need to read up on your phone type.');
INSERT OR IGNORE INTO tt_help_core(pkey,displayname,htext,name) values ('allowhashxfer','Allow hash transfer','Set this to enabled if you want SARK to recognise a hash (pound) key press as a transfer request. Unless you are supporting POTS phones, it is recommended you leave this flag disabled.','allowhashxfer');
INSERT OR IGNORE INTO tt_help_core(pkey,displayname,htext) values ('alphatag','Tag','Value of the alpha tag (if any) ');
INSERT OR IGNORE INTO tt_help_core(pkey,displayname,htext) values ('alternate','Alternate Route to remote Host','Specify an alternative if this route is unavailable.  This is for desktop-to-desktop links using short dials.  If the short dial link fails, you can specify a full-dial alternate. (e.g. IAX link to 5525 is down so dial 441924405525 over PSTN).');
INSERT OR IGNORE INTO tt_help_core(pkey,displayname,htext) values ('appspan','Span','The Span of your custom app... Your app can be included into the inbound call path, the outbound call path, both inbound and outbound or neither.  SARK will automatically generate the correct includes for you based upon the setting you choose here.');
INSERT OR IGNORE INTO tt_help_core(pkey,displayname,htext) values ('astdlim','Asterisk delimiter','This is the internal delimter that Asterisk uses.  If you are running Asterisk 1.4 then choose the pipe symbol (|).  If you are running Asterisk 1.6 then choose the comma(,).');
INSERT OR IGNORE INTO tt_help_core(pkey,displayname,htext) values ('astfiledate','create date','Date the file was created');
INSERT OR IGNORE INTO tt_help_core(pkey,displayname,htext) values ('astfilename','Filename','The filename');
INSERT OR IGNORE INTO tt_help_core(pkey,displayname,htext) values ('ato','Abstime','absolute call timeout  ');
INSERT OR IGNORE INTO tt_help_core(pkey,displayname,htext) values ('attemptrestart','Attempt Asterisk restart?','If set to YES, the SARK diagnostic routine will attempt a restart of Asterisk if it detects a failure.  The parameter has no effect in HA systems. Default=NO.');
INSERT OR IGNORE INTO tt_help_core(pkey,displayname,htext) values ('auth','Auth','Does this route require the user to enter a pin number in order to use it.');
INSERT OR IGNORE INTO tt_help_core(pkey,displayname,htext) values ('authnum','Authorized Number','Telephone number you wish to authorize for callback.');
INSERT OR IGNORE INTO tt_help_core(pkey,displayname,htext) values ('backchan','Back Channel','Channel to use for the Call back.');
INSERT OR IGNORE INTO tt_help_core(pkey,displayname,htext) values ('beginclosed','Beginning of Closed Period','Select the start time of your closed segment.');
INSERT OR IGNORE INTO tt_help_core(pkey,displayname,htext) values ('blfkey','FKEY','Relative FKEY number');
INSERT OR IGNORE INTO tt_help_core(pkey,displayname,htext) values ('blfkeyname','Keyfile','Name of the associated BLF key template');
INSERT OR IGNORE INTO tt_help_core(pkey,displayname,htext) values ('blfkeys','BLF#','The number of BLF keys to generate when the extension is created');
INSERT OR IGNORE INTO tt_help_core(pkey,displayname,htext) values ('blflabel','Label','Some phones can display a soft label next to the key');
INSERT OR IGNORE INTO tt_help_core(pkey,displayname,htext) values ('blftype','Type','Key Type (None/BLF/Speed/Line)');
INSERT OR IGNORE INTO tt_help_core(pkey,displayname,htext) values ('blfvalue','Target','Target number (specify extension for BLF, any diallable number for Speed dial');
INSERT OR IGNORE INTO tt_help_core(pkey,displayname,htext,name) values ('blindbusy','Bounce busy destination','Alternative destination if a bounce returns to a busy sender.','blindbusy');
INSERT OR IGNORE INTO tt_help_core(pkey,displayname,htext,name) values ('bouncealert','Alert-Info for Xfer Bounce','Use this field to specify distinctive ring data for the sip header.  This is phone specific so you will need to read up on your phone type.','bouncealert');
INSERT OR IGNORE INTO tt_help_core(pkey,displayname,htext) values ('bt','boot','reboot the endpoint');
INSERT OR IGNORE INTO tt_help_core(pkey,displayname,htext) values ('c lassmask','Class Dial Plan','Create a dialplan for the class using standard Asterisk dialplan syntax (e.g. _XXXXX would match all 5 digit DiDs).');
INSERT OR IGNORE INTO tt_help_core(pkey,displayname,htext) values ('callerid','Caller ID','Caller ID.  You may be able to change this depending upon the sending device and the carrier rules.');
INSERT OR IGNORE INTO tt_help_core(pkey,displayname,htext) values ('calleridname','Caller Name','This is what the phone will send in the callerid (name) variable.  It is usually set to the user name or to some department function.  Do not put spaces in this field because some phones do not handle spaces well. ');
INSERT OR IGNORE INTO tt_help_core(pkey,displayname,htext) values ('callgroup','Number','Name (extension number) of this call group');
INSERT OR IGNORE INTO tt_help_core(pkey,displayname,htext) values ('callprogress','Call Progress?','Force an early ringback tone.');
INSERT OR IGNORE INTO tt_help_core(pkey,displayname,htext,name) values ('callrecord1','Call Recording Default','Set the global recording preferences you want. This can be overriden at the individual call group or extension.','callrecord1');
INSERT OR IGNORE INTO tt_help_core(pkey,displayname,htext) values ('callstate','C/S','State of the device (call state) when the panel was displayed.');
INSERT OR IGNORE INTO tt_help_core(pkey,displayname,htext,name) values ('camponqonoff','Campon mini-queue ON/OFF','Turn the camp-on feature ON and OFF','camponqonoff');
INSERT OR IGNORE INTO tt_help_core(pkey,displayname,htext,name) values ('camponqopt','Campon mini-queue options','Camp-on uses standard asterisk queues.  You can set the queue parameters as you wish using this field.','camponqopt');
INSERT OR IGNORE INTO tt_help_core(pkey,displayname,htext) values ('carrier','Carrier','This is either the SIP or IAX carrier name or the technology type (e.g. mISDN or Dahdi).');
INSERT OR IGNORE INTO tt_help_core(pkey,displayname,htext) values ('carriername','Name','Carrier name - should be system-wide unique');
INSERT OR IGNORE INTO tt_help_core(pkey,displayname,htext) values ('carrierreg','Reg String','Registration string');
INSERT OR IGNORE INTO tt_help_core(pkey,displayname,htext) values ('carriertype','Type','Denotes the class of trunk (e.g. VOIP, PSTN etc.) ');
INSERT OR IGNORE INTO tt_help_core(pkey,displayname,htext) values ('carrierurl','URL','URL or IP address of the carrier');
INSERT OR IGNORE INTO tt_help_core(pkey,displayname,htext) values ('cdialstring','Custom Dial String','Use only for custom devices');
INSERT OR IGNORE INTO tt_help_core(pkey,displayname,htext) values ('cellphone','Cellphone Twin','Twins a cellphone with your extension');
INSERT OR IGNORE INTO tt_help_core(pkey,displayname,htext,name) values ('cdr','Log CDR to MySQL','Set to yes if you want Sark/SAIL to log cdrs to MySQL (as well as the normal cdr-csv file). This will allow you to use the Areski Stats package to analyze your CDR records.','cdr');
INSERT OR IGNORE INTO tt_help_core(pkey,displayname,htext) values ('cfbs','CFBS','Call forward on busy or no answer');
INSERT OR IGNORE INTO tt_help_core(pkey,displayname,htext) values ('cfbscl','CFBSCL','Call forward on busy or no answer when closed');
INSERT OR IGNORE INTO tt_help_core(pkey,displayname,htext) values ('cfbsop','CFBSOP','Call forward on busy or no answer when open');
INSERT OR IGNORE INTO tt_help_core(pkey,displayname,htext) values ('cfim','CFIM','Call Forward Immediate');
INSERT OR IGNORE INTO tt_help_core(pkey,displayname,htext) values ('cfimcl','CFIMCL','Call Forward Immediate when closed');
INSERT OR IGNORE INTO tt_help_core(pkey,displayname,htext) values ('cfimop','CFIMOP','Call Forward Immediate when open');
INSERT OR IGNORE INTO tt_help_core(pkey,displayname,htext) values ('cfwdanswer','CFWD ANSWER','Cause external call forwards (hairpin calls) to be answered by Asterisk before the external call leg is started. This can sometimes be necessary to force RTP packets to flow across NATs when forwarding SIP calls.');
INSERT OR IGNORE INTO tt_help_core(pkey,displayname,htext) values ('cfwdextrnrule','CFWD Override CLID','Cause a call forward to an external number to be given the CLID stored in the forwarding extension definition (if any).');
INSERT OR IGNORE INTO tt_help_core(pkey,displayname,htext) values ('cfwdprogress','CFWD PROGRESS','Cause external call forwards (hairpin calls) to be dialed with early media. This can sometimes be necessary to force RTP packets to flow across NATs when forwarding SIP calls.');
INSERT OR IGNORE INTO tt_help_core(pkey,displayname) values ('cgroup','Callgroup');
INSERT OR IGNORE INTO tt_help_core(pkey,displayname,htext) values ('chanmax','Chan','maximum outbound channels  ');
INSERT OR IGNORE INTO tt_help_core(pkey,displayname,htext) values ('classmask','Class Dial Plan','Enter the Class Dial Plan in standard Asterisk dial plan format.  For example if you want a class that will handle all 5 digit and longer inbound numbers then you might enter _XXXX. Similarly, for a CLID class handler; if you wanted to create a class to handle all calls from UK mobiles (which always have numbers beginning 07) you might enter _07X.');
INSERT OR IGNORE INTO tt_help_core(pkey,displayname,htext) values ('clidstart','Caller ID','Caller ID of the calling telephone.');
INSERT OR IGNORE INTO tt_help_core(pkey,displayname,htext) values ('clinclude','Include','Clusters that can be freely called from this cluster (you can also use the reserved word ALL to include all clusters)');
INSERT OR IGNORE INTO tt_help_core(pkey,displayname,htext) values ('closeroute','Closed','The CLOSED inbound route.  Route which will be used by the inbound route manager to process calls from this trunk when the system is Closed (i.e. in night mode).');
INSERT OR IGNORE INTO tt_help_core(pkey,displayname,htext) values ('cluster','Tenant','This is the name of the Tenant which this object belongs to.  If you specified no Tenant then SARK will use the default Tenant.  Tenants are used to provide multi-tenant support within SARK.');
INSERT OR IGNORE INTO tt_help_core(pkey,displayname,htext) values ('clusterstart','Tenant support ON/OFF','Turn ON/OFF multi tenant support');
INSERT OR IGNORE INTO tt_help_core(pkey,displayname,htext,name) values ('compression','CODEC','[FIDELITY,THRUPUT,g729] Sark/SAIL will attempt to minimise CODEC transcoding using this value. If you choose Fidelity it will enforce g711(law) coding where it can.  If you choose Thruput it will use g729 if it is available, otherwise it use gsm.  If you choose g729. it will blanket enforce g729.','compression');
INSERT OR IGNORE INTO tt_help_core(pkey,displayname,htext,name) values ('conftype','Conference Type','Choose from assisted or unassisted conferences.','conftype');
INSERT OR IGNORE INTO tt_help_core(pkey,displayname,htext) values ('context','Context Name','The name of the context you want your custom app to run in.  This must be system-wide unique.');
INSERT OR IGNORE INTO tt_help_core(pkey,displayname,htext) values ('confpkey','Conference Room','Room Number (100->9999) .');
INSERT OR IGNORE INTO tt_help_core(pkey,displayname,htext) values ('confadminpin','Admin PIN','Administrator PIN (0000->9999 or blank)');
INSERT OR IGNORE INTO tt_help_core(pkey,displayname,htext) values ('confpin','Access PIN','Access PIN (0000->9999 or blank)');
INSERT OR IGNORE INTO tt_help_core(pkey,displayname,htext) values ('conftype','Conference Type','Choose from assisted or unassisted conferences.');
INSERT OR IGNORE INTO tt_help_core(pkey,displayname,htext) values ('connrate','Connrate','Connection Rate.  Format is <i>[-|[{s|d}:[[name]:]]]rate/{sec|min|hour|day}[:burst]</i>. See http://shorewall.net/manpages/shorewall-rules.html -> Rate');
INSERT OR IGNORE INTO tt_help_core(pkey,displayname,htext) values ('copy','Copy','Copy an existing Device type or Descriptor as the basis for this new entry.');
INSERT OR IGNORE INTO tt_help_core(pkey,displayname,htext) values ('cosclosed','Default Closed','Defines whether this COS will be ON by default for closed hours when new extensions are created.');
INSERT OR IGNORE INTO tt_help_core(pkey,displayname,htext) values ('cosdialplan','Dialplan','The dialplan pattern for this class-of-service.  COS dialplans follow standard Asterisk dialplan conventions.');
INSERT OR IGNORE INTO tt_help_core(pkey,displayname,htext) values ('cosname','COS Name','System-wide unique name for this class-of-service rule.');
INSERT OR IGNORE INTO tt_help_core(pkey,displayname,htext) values ('cosopen','Default Open','Defines whether this COS will be ON by default for open hours when new extensions are created.');
INSERT OR IGNORE INTO tt_help_core(pkey,displayname,htext,name) values ('cosstart','Class Of Service ON/OFF','Whether we will run COS or not.  SARK Class of Service is very powerful but if you dont intend to use it then you can save a little cpu by turning it off.','cosstart');
INSERT OR IGNORE INTO tt_help_core(pkey,displayname,htext,name) values ('country','Your Country Identifier','Enter your country of operation.','country');
INSERT OR IGNORE INTO tt_help_core(pkey,displayname,htext) values ('countrycode','Country Code','Set to the correct code for your country.  This will control the tones which Asterisk generates for busy, ringback, congestion etc.');
INSERT OR IGNORE INTO tt_help_core(pkey,displayname,htext) values ('ct','Connected','denotes whether the endpoint is connected or not and whether proxy operations are possible  ');
INSERT OR IGNORE INTO tt_help_core(pkey,displayname,htext) values ('datemonth','Date','Day date when this segment is active (asterisk * means any date).');
INSERT OR IGNORE INTO tt_help_core(pkey,displayname,htext) values ('defaultclosed','Defaultclosed','Set this to YES if you want all new extensions to be created with this closed restriction');
INSERT OR IGNORE INTO tt_help_core(pkey,displayname,htext) values ('defaultopen','Defaultopen','Set this to YES if you want all new extensions to be created with this open restriction');
INSERT OR IGNORE INTO tt_help_core(pkey,displayname,htext) values ('del','Del','Delete this entry');
INSERT OR IGNORE INTO tt_help_core(pkey,displayname,htext) values ('desc','User','The username which SARK will set in either sip.conf or iax.conf for this end-point.');
INSERT OR IGNORE INTO tt_help_core(pkey,displayname,htext) values ('description','Description','Freeform description string');
INSERT OR IGNORE INTO tt_help_core(pkey,displayname,htext) values ('device','Device','This is the device type from SARKs IP Device database.  It is used to provide the provisioning template.');
INSERT OR IGNORE INTO tt_help_core(pkey,displayname,htext) values ('devicerec','RecOpts','Recording options for this object.');
INSERT OR IGNORE INTO tt_help_core(pkey,displayname,htext) values ('dhcp','DHCP','Default YES; set this to NO if you want to set your own IP address');
INSERT OR IGNORE INTO tt_help_core(pkey,displayname,htext) values ('dialparams','Dial Params','Here we expose a subset of the Asterisk Dialplan parameters.  You should only change these if you REALLY know what you are doing.');
INSERT OR IGNORE INTO tt_help_core(pkey,displayname,htext) values ('dialplan','Dialplan','Route dialplan.  The dialplan consists of the set of numbers and number patterns that this route will be sensitive to. (e.g. _0XXX. 100 _XXXXX)   Arguments are separated by whitespace.');
INSERT OR IGNORE INTO tt_help_core(pkey,displayname,htext) values ('didend','DiD End','End DiD (DDI) for this group (its perfectly fine to allocate only a single number).');
INSERT OR IGNORE INTO tt_help_core(pkey,displayname,htext) values ('didstart','DiD Start','Beginning DiD (DDI) for this group (its perfectly fine to allocate only a single number).');
INSERT OR IGNORE INTO tt_help_core(pkey,displayname,htext) values ('disapass','DISA Password ','4 digit DISA password.  Set this ONLY if you intend this trunk to be dedicated to DISA.');
INSERT OR IGNORE INTO tt_help_core(pkey,displayname,htext) values ('displayname','Legend ','String which will appear alongside the target object (or inside a widget) whenever it is displayed by SARK.');
INSERT OR IGNORE INTO tt_help_core(pkey,displayname,htext) values ('dl','D/L','Download');
INSERT OR IGNORE INTO tt_help_core(pkey,displayname,htext) values ('dns','DNS Server','Set this to the correct value for your network');
INSERT OR IGNORE INTO tt_help_core(pkey,displayname,htext) values ('domain','Domain','Domain');
INSERT OR IGNORE INTO tt_help_core(pkey,displayname,htext) values ('dvrvmail','Voicemailbox','Number of the voice mailbox you wish to have voicemail delivered to. The default is the extension but you can have it delivered to a different extension if you wish');
INSERT OR IGNORE INTO tt_help_core(pkey,displayname,htext) values ('eclose','end-close','End of a closed period ');
INSERT OR IGNORE INTO tt_help_core(pkey,displayname,htext) values ('ed','Edit','Edit this entry');
INSERT OR IGNORE INTO tt_help_core(pkey,displayname,htext,name) values ('edomain','External IP Address','This field should usually only be filled out if you are running server-only behind a NATed firewall. It forces Asterisk to include the correct return IP address in outbound packets. Without it, Asterisk will use the local server IP address and effectively spoof itself.','edomain');
INSERT OR IGNORE INTO tt_help_core(pkey,displayname,htext,name) values ('emailalert','Email Alert Addresses','Administrator email address','emailalert');
INSERT OR IGNORE INTO tt_help_core(pkey,displayname,htext,name) values ('emergency','COS Emergency passthru','Use this field to set your Emergency number (e.g. 911, 999, 112).  This is used by Class of Service and becomes part of the always-available set of dialable numbers.','emergency');
INSERT OR IGNORE INTO tt_help_core(pkey,displayname,htext) values ('endclosed','End of Closed Period','Select the end time of your closed segment.');
INSERT OR IGNORE INTO tt_help_core(pkey,displayname,htext) values ('eurl','External URL','Well formed URL for external phone provisioning');
INSERT OR IGNORE INTO tt_help_core(pkey,displayname,htext) values ('ext','Ext','Extension Number');
INSERT OR IGNORE INTO tt_help_core(pkey,displayname,htext) values ('extalert','Alert-info string','Alert-info alters the SIP header sent to the device.  It is usually used to send a request to play a distinctive ring-tone.  The actual content of the header varies from device to device.');
INSERT OR IGNORE INTO tt_help_core(pkey,displayname,htext) values ('extdisplayname','Display Name','Display Name of the device.  Usually this will be set to the owners name or simply the extension number.');
INSERT OR IGNORE INTO tt_help_core(pkey,displayname,htext) values ('externalip','Registration URI for remote phones','Only applies to remote phones that you wish to provision from the SARK http provisioning server. This will be the remote (i.e. SARK) URI.');
INSERT OR IGNORE INTO tt_help_core(pkey,displayname,htext) values ('extlen','Extension Length','SARK can have extension numbers of 3 or 4 digits.  However, you can only change the length when there are no extensions defined to the system (i.e. at system inception).');
INSERT OR IGNORE INTO tt_help_core(pkey,displayname,htext,name) values ('fax','Autosense FAX Extension','Endpoint to send Autosensed faxes to.','fax');
INSERT OR IGNORE INTO tt_help_core(pkey,displayname,htext,name) values ('faxdetect','FAX Detect Delay','How long to delay an inbound analogue call on a shared voice/fax line while we wait for Asterisk to decide if it has a fax or not.','faxdetect');
INSERT OR IGNORE INTO tt_help_core(pkey,displayname,htext) values ('faxonoff','Fax detect','Anaologue lines only - whether to listen for FAX tones on the line');
INSERT OR IGNORE INTO tt_help_core(pkey,displayname,htext) values ('filesize','Filesize','File size (in bytes)');
INSERT OR IGNORE INTO tt_help_core(pkey,displayname,htext) values ('filetype','Filetype','File type (MP3|wav)');
INSERT OR IGNORE INTO tt_help_core(pkey,displayname,htext,name) values ('foppass','4-digit Password for FOP Ops','Self explanatory','foppass');
INSERT OR IGNORE INTO tt_help_core(pkey,displayname,htext) values ('forename','Forename','Forename for a person or blank for an organization');
INSERT OR IGNORE INTO tt_help_core(pkey,displayname,htext) values ('fwdest','Dest','Packet Destination - for SARK ths is always $FW (meaning inbound through the firewall) ');
INSERT OR IGNORE INTO tt_help_core(pkey,displayname,htext) values ('fwdestports','Ports','Destination ports - a comma separated list of the port(s) you want to open; e.g. 5060,4569. For a port-range use a colon e.g. 10000:20000');
INSERT OR IGNORE INTO tt_help_core(pkey,displayname,htext) values ('fwproto','tcp/udp','Protocol(tcp,udp)');
INSERT OR IGNORE INTO tt_help_core(pkey,displayname,htext) values ('fwsource','Source','Packet Source - takes the form {net}:{IPADDR{/cidr}}|$LAN|{uri}. Specifying net on its own will open a port completely to the Internet (not recommended).  More commonly, you may use a cidr, for example;  net:194.168.4.100/24 to allow an ip or ip range.  You can also use the keyword $LAN if you wish to restrict access to the local lan (e.g. net:$LAN. Finally, You can specify the endpoint as a URI - e.g. sip.someco.com, but this should normally be avoided because the firewall willl not restart if the URI cannot be resolved to an IP by Shorewall ');
INSERT OR IGNORE INTO tt_help_core(pkey,displayname,htext) values ('g-peername','Gateway Name ','The SIP Peername you wish to give to the gateway.');
INSERT OR IGNORE INTO tt_help_core(pkey,displayname,htext) values ('gatewaydid','Gateway PSTN number','The line number of the circuit you have the gateway connected to.');
INSERT OR IGNORE INTO tt_help_core(pkey,displayname,htext) values ('gatewayip','Gateway','Set this to the correct value for your subnet');
INSERT OR IGNORE INTO tt_help_core(pkey,displayname,htext) values ('gatewayma','Gateway MAC','MAC id of the Cisco/Linksys ATA');
INSERT OR IGNORE INTO tt_help_core(pkey,displayname,htext) values ('greeting','Greeting Number','Greeting number that this IVR uses.');
INSERT OR IGNORE INTO tt_help_core(pkey,displayname,htext) values ('greetingnum','Number','The 4-digit greeting number');
INSERT OR IGNORE INTO tt_help_core(pkey,displayname,htext) values ('groupname','Group id','The extension number of the group or alias.');
INSERT OR IGNORE INTO tt_help_core(pkey,displayname,htext) values ('groupstring','Target','The extensions in this callgroup.  It can consist of extensions, call groups or external numbers separated by whitespace, e.g. 553 554 924018076');
INSERT OR IGNORE INTO tt_help_core(pkey,displayname,htext) values ('grouptype','Type','The group type; ring, hunt etc...');
INSERT OR IGNORE INTO tt_help_core(pkey,displayname,htext,name) values ('haautofailback','HA Auto-Failback','Turn auto failback on/off in the HA environment.','haautofailback');
INSERT OR IGNORE INTO tt_help_core(pkey,displayname,htext,name) values ('haclusterip','HA IP Address','The HA virtual IP address','haclusterip');
INSERT OR IGNORE INTO tt_help_core(pkey,displayname,htext,name) values ('haprinode','HA Primary Node (uname -n)','HA primary node name (given by uname -r)','haprinode');
INSERT OR IGNORE INTO tt_help_core(pkey,displayname,htext,name) values ('hasecnode','HA Failover Node (uname -n)','HA secondary node name (given by uname -r)','hasecnode');
INSERT OR IGNORE INTO tt_help_core(pkey,displayname,htext,name) values ('hasynch','HA Synch Mode','HA synch mode lazy or loose.  Loose means no synch.','hasynch');
INSERT OR IGNORE INTO tt_help_core(pkey,displayname,htext) values ('hausecluster','Provision with Cluster IP?','Generate provisioning files using the Cluster virtual IP rather than the node ip.');
INSERT OR IGNORE INTO tt_help_core(pkey,displayname,htext) values ('header','Asterisk Filename','Name of the Asterisk control file for this header');
INSERT OR IGNORE INTO tt_help_core(pkey,displayname,htext) values ('headlocation','L/R','Local or remote.  Denotes whether the phone will run inside or outside the local firewall. If it is outside then SARK will use symmetrical RTP.');
INSERT OR IGNORE INTO tt_help_core(pkey,displayname,htext) values ('home','Home Number','Home Number (if applicable)');
INSERT OR IGNORE INTO tt_help_core(pkey,displayname,htext) values ('hhmm','Time (hh:mm)','Time (hh:mm)');
INSERT OR IGNORE INTO tt_help_core(pkey,displayname,htext) values ('host','URI/IP address','Enter the URI or the IP address of the target host.');
INSERT OR IGNORE INTO tt_help_core(pkey,displayname,htext) values ('httppassword','Password','Enter the existing password ');
INSERT OR IGNORE INTO tt_help_core(pkey,displayname,htext) values ('httpport','HTTP Port','Set this value to the required port number, save it and issue a reboot. ');
INSERT OR IGNORE INTO tt_help_core(pkey,displayname,htext) values ('includetenants','Tenants to Include','This is a list of tenants (separated by whitespace) that extensions within this tenant will be allowed to dial using their regular three, or four digit extension numbers.  By default, tenants can not dial one anothers phones in this way.');
INSERT OR IGNORE INTO tt_help_core(pkey,displayname,htext) values ('inprefix','Add CLI Prefix','Allows you to add a CLI prefix.  This is because many carriers do not send the NDD character (usually zero).  This allows you to add it back.');
INSERT OR IGNORE INTO tt_help_core(pkey,displayname,htext) values ('internal_fieldname','Name','The internal name which SARK uses to track this object');
INSERT OR IGNORE INTO tt_help_core(pkey,displayname,htext,name) values ('intringdelay','Default Ring Time(seconds)','How long we will ring an internal phone before taking some outcome (usually voicemail).','intringdelay');
INSERT OR IGNORE INTO tt_help_core(pkey,displayname,htext) values ('ipaddr','IP','The IP Address of the end-point.');
INSERT OR IGNORE INTO tt_help_core(pkey,displayname,htext) values ('ivrname','IVR Name','IVR keyfield');
INSERT OR IGNORE INTO tt_help_core(pkey,displayname,htext) values ('keytime','Timeout Action','What happens if caller presses no key');
INSERT OR IGNORE INTO tt_help_core(pkey,displayname,htext) values ('latency','latency','The latency of the end-point (i.e. the time taken for Asterisk to receive a response to an IP request).');
INSERT OR IGNORE INTO tt_help_core(pkey,displayname,htext,name) values ('lclvoipmax','Max LOCAL VOIP Calls','Maximum local VoIP calls we will allow (this does not include extension to extension calls) but DOES include Sibling calls over locally connected PBXs).','lclvoipmax');
INSERT OR IGNORE INTO tt_help_core(pkey,displayname,htext) values ('ldapbase','LDAP Base','LDAP base, sometimes called domain; enter it in the form dc=somecompany,dc=com');
INSERT OR IGNORE INTO tt_help_core(pkey,displayname,htext) values ('ldapou','Organizational Unit','The name of the OU where the contacts directory is held (default contacts) ');
INSERT OR IGNORE INTO tt_help_core(pkey,displayname,htext) values ('ldappass','LDAP Password','ldap password for sark to use');
INSERT OR IGNORE INTO tt_help_core(pkey,displayname,htext) values ('ldapuser','LDAP User','ldap user for sark to use - it must have update privileges to the directory OU');
INSERT OR IGNORE INTO tt_help_core(pkey,displayname,htext) values ('line','Line','Usually the Subscriber number the carrier has allocated to you.  However it may also be a DiD(or DDI) number and sometimes the account name or number (in the case of some VOIP trunks).');
INSERT OR IGNORE INTO tt_help_core(pkey,displayname,htext) values ('linuxtz','NTP Time Zone','(Sark500 only). Set this value to the correct time zone for your country (default is GMT0BST - UK time).  This will control the offset which will be applied to the S500 Clock. N.B. - you should reboot your system after changing this value.  The input value is sanitized but not validated. ');
INSERT OR IGNORE INTO tt_help_core(pkey,displayname,htext) values ('listenforext','Listen for extension dial?','If set to yes, the ivr will also listen for an extension dial(as well as the ivr key presses) ');
INSERT OR IGNORE INTO tt_help_core(pkey,displayname,htext) values ('localIP','Local IP','Local subnet IP address');
INSERT OR IGNORE INTO tt_help_core(pkey,displayname,htext) values ('localarea','Local Area Code','(Optional field) This is the area code for this Tenant.  If you specify it AND a local dialplan then the system will automatically prepend the local area code when you dial a local number ');
INSERT OR IGNORE INTO tt_help_core(pkey,displayname,htext) values ('localdlen','Local dialplan','This is Asterisk dialplan for your local numbers. If you specify this then SARK will automatically prepend the local area code when you dial it');
INSERT OR IGNORE INTO tt_help_core(pkey,displayname,htext) values ('localdplan','Local Dialplan','(Optional field) This is an Asterisk dialplan for local numbers for this tenant. If you specify it AND a local areacode then the system will automatically prepend the local area code when you dial a local number');
INSERT OR IGNORE INTO tt_help_core(pkey,displayname,htext) values ('localhost','Local Host Name','This is the local hostname');
INSERT OR IGNORE INTO tt_help_core(pkey,displayname,htext) values ('location','Local/Remote','Local or remote.  Denotes whether the phone will run inside or outside the local firewall. If it is outside then SARK will use symmetrical RTP.');
INSERT OR IGNORE INTO tt_help_core(pkey,displayname,htext,name) values ('logopts','Logging Options','Logging options native usbstick ramdisk.  This should be left to deafult unless you are running a diskless PBX.  N.B. setting this value incorrectly can lead to serious data loss','logopts');
INSERT OR IGNORE INTO tt_help_core(pkey,displayname,htext,name) values ('lterm','Late Termination','If you set this value to YES, SARK will attempt to terminate inbound calls as late as it can in the switching process (i.e. when the target extension goes off hook).   This is not always possible, or desireable and it can sometimes cause loss of ringback tone during complex switching operations such as internal/external call forking.','lterm');
INSERT OR IGNORE INTO tt_help_core(pkey,displayname,htext) values ('macaddr','MAC','The MAC address of the end-point.  The MAC address is used by SARKs autoprovisioning routines.');
INSERT OR IGNORE INTO tt_help_core(pkey,displayname,htext) values ('match','Line Pre-select','2 digit pre-select code (must be systemwide unique)');
INSERT OR IGNORE INTO tt_help_core(pkey,displayname,htext) values ('mcastip','IP Address','This is the address you will multicast on.  The well known SIP multicast IPV4 address is 224.0.1.75 but there are others you may wish to use.');
INSERT OR IGNORE INTO tt_help_core(pkey,displayname,htext) values ('mcastlport','Linksys Port','Linksys Multicast port.  Linksys/Sipura/Cisco-small-business phones use two ports for multicast, this is the second port. ');
INSERT OR IGNORE INTO tt_help_core(pkey,displayname,htext) values ('mcastpkey','Group','Multicast group extension.  This is the number you will dial to trigger the multicast page.');
INSERT OR IGNORE INTO tt_help_core(pkey,displayname,htext) values ('mcastport','Port','Multicast port.  This is the port you will multicast on. ');
INSERT OR IGNORE INTO tt_help_core(pkey,displayname,htext) values ('meetmedialplan','Dialplan','Heading');
INSERT OR IGNORE INTO tt_help_core(pkey,displayname,htext,name) values ('misdnrun','mISDN Driver','Enable or disable the mISDN drivers from being loaded at system start-up.','misdnrun');
INSERT OR IGNORE INTO tt_help_core(pkey,displayname,htext) values ('mixmonitor','Override record','Force all recording to use Mixmonitor .');
INSERT OR IGNORE INTO tt_help_core(pkey,displayname,htext) values ('mobile','Mobile','Cell phone number');
INSERT OR IGNORE INTO tt_help_core(pkey,displayname,htext) values ('moh','MOH instead of Ringtone','Play Music-on-Hold rather than the more usual ringback tone to the caller.');
INSERT OR IGNORE INTO tt_help_core(pkey,displayname,htext) values ('monitor','Monitor this resource','Set this to YES if you want the diagnostic routines to watch this resource.');
INSERT OR IGNORE INTO tt_help_core(pkey,displayname,htext,name) values ('monitorout','Path to recording directory','Full path name of the directory you want SARK to use for its recordings.','monitorout');
INSERT OR IGNORE INTO tt_help_core(pkey,displayname,htext) values ('month','Month','Month Date when this segment is active (asterisk * means any month).');
INSERT OR IGNORE INTO tt_help_core(pkey,displayname,htext,name) values ('mtime','Multitimer','Enable or disable the MTIME server. The MTIME server can save significant CPU if you have defined multiple timers in the automation panel on your system.','mtime');
INSERT OR IGNORE INTO tt_help_core(pkey,displayname,htext) values ('netmask','Netmask','Set this to the correct value for your subnet');
INSERT OR IGNORE INTO tt_help_core(pkey,displayname,htext) values ('new','New','Button Text');
INSERT OR IGNORE INTO tt_help_core(pkey,displayname,htext) values ('newpassword','New Password','Enter the new password ');
INSERT OR IGNORE INTO tt_help_core(pkey,displayname,htext) values ('newpassword2','Re-Enter','Re-enter the new password');
INSERT OR IGNORE INTO tt_help_core(pkey,displayname,htext,name) values ('nohelp','nohelp','There is currently no tooltip help for this item.  Please refer to the Wiki documentation at http://sarkpbx.com/twiki','nohelp');
INSERT OR IGNORE INTO tt_help_core(pkey,displayname,htext,name) values ('nrdigits','Auto create alias digits','Used to set the number of auto-create digits for number aliasing.  This feature was useful before SARK supported both 3 and 4 digit extensions.','nrdigits');
INSERT OR IGNORE INTO tt_help_core(pkey,displayname,htext) values ('obeydnd','ObeyDND','When enabled, the ring group will not attempt to ring phones which it knows to be in DND');
INSERT OR IGNORE INTO tt_help_core(pkey,displayname,htext) values ('oclo','OCLO','day/night mode ');
INSERT OR IGNORE INTO tt_help_core(pkey,displayname,htext) values ('openfirewall','Create Firewall Rule?','If you specify YES then SARK will cretae a firewall rule for this url');
INSERT OR IGNORE INTO tt_help_core(pkey,displayname,htext) values ('openroute','Open ','The OPEN inbound route. Route which will be used by the inbound route manager to process calls from this trunk when the system is Open.');
INSERT OR IGNORE INTO tt_help_core(pkey,displayname,htext,name) values ('operator','System Operator(default 0)','The system operator.  The key press you wish to use to contact the operator (default is zero).','operator');
INSERT OR IGNORE INTO tt_help_core(pkey,displayname,htext) values ('orideclosed','Override','Set this to YES if you want to force ALL extensions to have this closed restriction');
INSERT OR IGNORE INTO tt_help_core(pkey,displayname,htext) values ('orideopen','Override','Set this to YES if you want to force ALL extensions to have this open restriction');
INSERT OR IGNORE INTO tt_help_core(pkey,displayname,htext) values ('outcome','Outcome','Where the call will be delivered if the call group fails to terminate the call.');
INSERT OR IGNORE INTO tt_help_core(pkey,displayname,htext) values ('password','Password','The password for this account, called the secret in Asterisk');
INSERT OR IGNORE INTO tt_help_core(pkey,displayname,htext) values ('path1','Path 1','You can specify up to 4 paths (1 primary and up to 3 failover) in descending order of priority.');
INSERT OR IGNORE INTO tt_help_core(pkey,displayname,htext) values ('path2','Path 2','You can specify up to 4 paths (1 primary and up to 3 failover) in descending order of priority.');
INSERT OR IGNORE INTO tt_help_core(pkey,displayname,htext) values ('path3','Path 3','You can specify up to 4 paths (1 primary and up to 3 failover) in descending order of priority.');
INSERT OR IGNORE INTO tt_help_core(pkey,displayname,htext) values ('path4','Path 4','You can specify up to 4 paths (1 primary and up to 3 failover) in descending order of priority.');
INSERT OR IGNORE INTO tt_help_core(pkey,displayname,htext) values ('peername','Asterisk peer','This is the Asterisk sip.conf or iax.conf peername which appears in square brackets above the peer cadenza.  By default, SARK allocates a unique name to each peer but you can override it if you wish.');
INSERT OR IGNORE INTO tt_help_core(pkey,displayname) values ('pgroup','Pickup Group');
INSERT OR IGNORE INTO tt_help_core(pkey,displayname,htext) values ('phone','Ext/Number','Extension or full number');
INSERT OR IGNORE INTO tt_help_core(pkey,displayname,htext) values ('pin','PIN','Agent PIN');
INSERT OR IGNORE INTO tt_help_core(pkey,displayname,htext) values ('play','Play','Play the sound file');
INSERT OR IGNORE INTO tt_help_core(pkey,displayname,htext,name) values ('playbeep','Play tone on Failover','If set to YES a beep tone will be played whenever the system fails over a trunk call to a secondary provider.  If set to NO, no tone will be played.','playbeep');
INSERT OR IGNORE INTO tt_help_core(pkey,displayname,htext,name) values ('playbusy','Play tone on Busy','If set to YES the PBX will come off-hook and play a busy tone, if set to NO the PBX will stay on-hook and play a busy message, if set to SIGNAL a BUSY signal will be sent to the ua.','playbusy');
INSERT OR IGNORE INTO tt_help_core(pkey,displayname,htext,name) values ('playcongested','Play tone on Congested','If set to YES the PBX will come off-hook and play a congestion tone, if set to NO the PBX will stay on-hook and play a congestion message, if set to SIGNAL a CONGESTION signal will be sent to the ua.','playcongested');
INSERT OR IGNORE INTO tt_help_core(pkey,displayname,htext) values ('playsound','Click to play','tool tip');
INSERT OR IGNORE INTO tt_help_core(pkey,displayname,htext) values ('port','Port','The port which this end-point is using to receive SIP packets.');
INSERT OR IGNORE INTO tt_help_core(pkey,displayname,htext) values ('postdial','Dial String Lead-out','Used to construct the trailing part of the dial for this technology.');
INSERT OR IGNORE INTO tt_help_core(pkey,displayname,htext) values ('predial','Dial String Lead-in','Used to construct the beginning part of the dial for this technology. For example, to use misdn TE p2p group dial  you might specify mISDN/g:TEPP (see the mISDN setup guides at http://www.misdn.org).');
INSERT OR IGNORE INTO tt_help_core(pkey,displayname,htext) values ('prefix','Dial Prefix','Use this if you need to have SARK dial a line-seize digit or some other pre-dial string during call back to an authorized number.');
INSERT OR IGNORE INTO tt_help_core(pkey,displayname,htext) values ('preannounce','Preannounce','Play a greeting before joining the Queue');
INSERT OR IGNORE INTO tt_help_core(pkey,displayname,htext) values ('preselect','Seize','Two digit Seize code.  By prepending your call with the seize code you can override the normal call-routing and force a call to use this channel.');
INSERT OR IGNORE INTO tt_help_core(pkey,displayname,htext) values ('primary','Primary Path','The first choice trunk for this route.');
INSERT OR IGNORE INTO tt_help_core(pkey,displayname,htext) values ('privileged','Priv','Denotes whether this trunk is running in privileged mode or unprivileged mode.  You can generally leave this to default unless you are consolidating T1/E1 circuits or handshaking with legacy equipment.');
INSERT OR IGNORE INTO tt_help_core(pkey,displayname,htext) values ('provisioning','Provisioning','Header');
INSERT OR IGNORE INTO tt_help_core(pkey,displayname,htext,name) values ('proxy','Dynamic Proxy Enable','Enables/disables SARKs dynamic proxy feature (see extensions panel status field).','proxy');
INSERT OR IGNORE INTO tt_help_core(pkey,displayname,htext,name) values ('proxyignore','Proxy Ignore List','Some applications can be disrupted by the Dynamic Proxy processor.  By placing their relative urls in this list, they will be specifically bypassed by the proxy processor.','proxyignore');
INSERT OR IGNORE INTO tt_help_core(pkey,displayname,htext) values ('push','Push','Some phones (Snoms) can reload their config without rebooting');
INSERT OR IGNORE INTO tt_help_core(pkey,displayname,htext) values ('pwdlen','Ext password length','Length of the password (in characters) the randomizer will create for new extensions');
INSERT OR IGNORE INTO tt_help_core(pkey,displayname,htext) values ('q1','Q1','Agent Queue ');
INSERT OR IGNORE INTO tt_help_core(pkey,displayname,htext) values ('q2','Q2','Agent Queue ');
INSERT OR IGNORE INTO tt_help_core(pkey,displayname,htext) values ('q3','Q3','Agent Queue ');
INSERT OR IGNORE INTO tt_help_core(pkey,displayname,htext) values ('q4','Q4','Agent Queue ');
INSERT OR IGNORE INTO tt_help_core(pkey,displayname,htext) values ('q5','Q5','Agent Queue ');
INSERT OR IGNORE INTO tt_help_core(pkey,displayname,htext) values ('q6','Q6','Agent Queue ');
INSERT OR IGNORE INTO tt_help_core(pkey,displayname,htext) values ('qtimeout','Timeout','Where to send the call if the caller presses no keys');
INSERT OR IGNORE INTO tt_help_core(pkey,displayname,htext) values ('quarternary','Quarternary Path','The fourth choice trunk for this route.');
INSERT OR IGNORE INTO tt_help_core(pkey,displayname,htext) values ('queueactagents','Active Agents','Number of active agents');
INSERT OR IGNORE INTO tt_help_core(pkey,displayname,htext) values ('queuename','Queue','System wide unique queue name');
INSERT OR IGNORE INTO tt_help_core(pkey,displayname,htext) values ('queueoptions','Options','Asterisk Queue options');
INSERT OR IGNORE INTO tt_help_core(pkey,displayname,htext) values ('rdelay','rdelay','ring delay in seconds');
INSERT OR IGNORE INTO tt_help_core(pkey,displayname,htext) values ('recfinaldest','rsync finished recordings to','Where to deliver finished voice recordings.  This feature is only available with the AVR option.');
INSERT OR IGNORE INTO tt_help_core(pkey,displayname,htext) values ('recqdither','Queue Search Dither','How far SARK will tolerate a time slip on a potential queuelog match.  Expressed in seconds.');
INSERT OR IGNORE INTO tt_help_core(pkey,displayname,htext) values ('recqfmcmd','Recording file command override','Used to specify an absolute destination for finished recordings');
INSERT OR IGNORE INTO tt_help_core(pkey,displayname,htext) values ('recqitdelay','Recording Daemon sleep time','Daemon sleep time in seconds');
INSERT OR IGNORE INTO tt_help_core(pkey,displayname,htext) values ('recqsearchlim','Queue search limit','How far SARK will read backwards up the queuelog looking to match a queue entry with an extension.');
INSERT OR IGNORE INTO tt_help_core(pkey,displayname,htext) values ('recrsyncparms','Parameters for rsync','Provide the parameters for the final rsync. This feature is only available with the AVR option.');
INSERT OR IGNORE INTO tt_help_core(pkey,displayname,htext) values ('register','Registration String','Used to provide a registration string if your carrier requires it');
INSERT OR IGNORE INTO tt_help_core(pkey,displayname,htext) values ('regress','Reg','Regress the system to this image');
INSERT OR IGNORE INTO tt_help_core(pkey,displayname,htext) values ('remotename','Hostname','Hostname of the system you wish to connect to.  This is just the hostname, NOT the FQDN.  For example, for an FQDN of myhost.myurl.com, enter myhost.');
INSERT OR IGNORE INTO tt_help_core(pkey,displayname,htext) values ('remotenum','DiD Number','The subscriber number which will be presented to us by this trunk (technically, the Dialled Number ID, or DNID).');
INSERT OR IGNORE INTO tt_help_core(pkey,displayname,htext) values ('rev','Version','SAIL rpm Version number');
INSERT OR IGNORE INTO tt_help_core(pkey,displayname,htext,name) values ('ringdelay','Ring Time (seconds)','The number of seconds that we will ring the end-point before taking an outcome.','ringdelay');
INSERT OR IGNORE INTO tt_help_core(pkey,displayname,htext) values ('route','Route','Route name - must be system-wide unique.');
INSERT OR IGNORE INTO tt_help_core(pkey,displayname,htext) values ('routeable','Routeable?','Set this value to YES if this custom trunk will be used to route inbound traffic. ');
INSERT OR IGNORE INTO tt_help_core(pkey,displayname,htext) values ('routedesc','Description','Free form description');
INSERT OR IGNORE INTO tt_help_core(pkey,displayname,htext) values ('routename','Route Name','The route name should be systemwide unique.  By convention (although it isnt mandatory) we use UPPERCASE for the route name.');
INSERT OR IGNORE INTO tt_help_core(pkey,displayname,htext) values ('rule','Extension Number','Extension Number.  This is the system internal extension number.  It can be 3 or 4 digits in length and it is set in globals(EXTLEN).  SARK will set this  value to the first unused extension number it can find, however you can override this if you wish.');
INSERT OR IGNORE INTO tt_help_core(pkey,displayname,htext,name) values ('runfop','Flash Operator Panel','Enables/disables the FOP server.  The FOP server is quite heavy on resource and it can cause big CPU spikes on a small system.  Disable it to save CPU.','runfop');
INSERT OR IGNORE INTO tt_help_core(pkey,displayname,htext,name) values ('runmode','CLAM AV & Freshclam','Enable or disable the CLAMD server. This can save significant memory in a small system if you are not using the mail server.','runmode');
INSERT OR IGNORE INTO tt_help_core(pkey,displayname,htext) values ('s-peername','Far-end Hostname','The linux hostname of the Sibling (given by uname -n).');
INSERT OR IGNORE INTO tt_help_core(pkey,displayname,htext) values ('sarkPCImsg1','Error occurred during DAHDI generation.','Message');
INSERT OR IGNORE INTO tt_help_core(pkey,displayname,htext) values ('sarkspeedmsg1','Nothing to do - Global alias option set on None.','Message');
INSERT OR IGNORE INTO tt_help_core(pkey,displayname,htext) values ('sarlglobalsh210','CALL RECORDING','Heading');
INSERT OR IGNORE INTO tt_help_core(pkey,displayname,htext) values ('schedend','End','End of a schedule period ');
INSERT OR IGNORE INTO tt_help_core(pkey,displayname,htext) values ('schedstart','Start','Beginning of a schedule period ');
INSERT OR IGNORE INTO tt_help_core(pkey,displayname,htext) values ('sclose','strt-close','Beginning of a closed period ');
INSERT OR IGNORE INTO tt_help_core(pkey,displayname,htext) values ('searchpath','DNS Search Path','The serach path is optional. If you wish to use it then set it to the correct value for your network (see man resolv.conf)');
INSERT OR IGNORE INTO tt_help_core(pkey,displayname,htext) values ('secondary','Secondary Path','The second choice trunk for this route.');
INSERT OR IGNORE INTO tt_help_core(pkey,displayname) values ('sipiaxpeer','Sip Peer entry');
INSERT OR IGNORE INTO tt_help_core(pkey,displayname,htext,name) values ('sipiaxstart','Extension Start Number','Extension number from which SARK will begin allocating extensions.  Set extension length (EXTLEN in Globals) BEFORE you set this value.','sipiaxstart');
INSERT OR IGNORE INTO tt_help_core(pkey,displayname) values ('sipiaxuser','SIP user entry');
INSERT OR IGNORE INTO tt_help_core(pkey,displayname,htext) values ('sipiaxusername','Asterisk User','This is the Asterisk sip.conf or iax.conf user label which appears in square brackets above the user cadenza. By default, SARK allocates a unique name to each user but you can override it if you wish');
INSERT OR IGNORE INTO tt_help_core(pkey,displayname,htext) values ('sipmulticast','PnP Provisioning','Enable this feature to provide multicast support for provisioning. PnP is used by phones from manufacturers such as Snom, Yealink and Gigaset');
INSERT OR IGNORE INTO tt_help_core(pkey,displayname,htext,name) values ('skin','Skin','Sets the CSS for from the ones available in the drop down.','skin');
INSERT OR IGNORE INTO tt_help_core(pkey,displayname,htext) values ('smartlink','Smartlink','If set to yes, then SARK will attempt to match the last digits of the DiD with an extension number.  If it finds a match it will automatically create a routing for the DiD to the extension.');
INSERT OR IGNORE INTO tt_help_core(pkey,displayname,htext,name) values ('smsalert','SMS Alert Numbers','One or more numbers which will receive sms alerts in the event of a diagnostic alert.','smsalert');
INSERT OR IGNORE INTO tt_help_core(pkey,displayname,htext,name) values ('smsc','SMSC Pathway','Pathway to your carriers SMS hub (if they have one).  This is specified as a formal asterisk channel name.  As an example, the BT sms hub might be specified as follows... 
- Dahdi/2/17094009','smsc');
INSERT OR IGNORE INTO tt_help_core(pkey,displayname,htext) values ('sndcreds','Auth','Controls when credentials will be sent; Yes means send on next request, Always means send always');
INSERT OR IGNORE INTO tt_help_core(pkey,displayname,htext) values ('source','Source','Source of the tooltip help (either CORE (from the SARK tt DB) or USER (from the user tt DB).');
INSERT OR IGNORE INTO tt_help_core(pkey,displayname,htext,name) values ('spammode','Spamassassin(spamd)','Enable or disable the SPAMD server. This can save significant memory in a small system if you are not using the mail server.','spammode');
INSERT OR IGNORE INTO tt_help_core(pkey,displayname,htext,name) values ('spypass','4-digit Spy Password','Password used to validate spy requests.','spypass');
INSERT OR IGNORE INTO tt_help_core(pkey,displayname,htext,name) values ('squidmode','Squid Proxy','Enable or disable the Squid server from being started at system start-up.','squidmode');
INSERT OR IGNORE INTO tt_help_core(pkey,displayname,htext) values ('sshport','SSH Port','Set this value to the required port number, save it and issue a reboot. ');
INSERT OR IGNORE INTO tt_help_core(pkey,displayname,htext) values ('strategy','Strategy','Whether to (a) select trunks in priority, i.e only select trunk 2 if trunk 1 is unavailable (hunt) or (b) to load-balance calls across all available trunks in the route (balance) ');
INSERT OR IGNORE INTO tt_help_core(pkey,displayname,htext) values ('striptags','Strip Tags?','By default, any tags will be automatically stripped from the input.  You can override this by setting this value to NO');
INSERT OR IGNORE INTO tt_help_core(pkey,displayname,htext) values ('subnet1','allow subnet (CIDR)','A subnet in CIDR format from which you want to accept packets for this trunk');
INSERT OR IGNORE INTO tt_help_core(pkey,displayname,htext) values ('subnet2','allow subnet (CIDR)','A subnet in CIDR format from which you want to accept packets for this trunk');
INSERT OR IGNORE INTO tt_help_core(pkey,displayname,htext,name) values ('supemail','Supervisor Email','Supervisor email address','supemail');
INSERT OR IGNORE INTO tt_help_core(pkey,displayname,htext) values ('surname','Surname/Organization','Surname or organization name');
INSERT OR IGNORE INTO tt_help_core(pkey,displayname,htext) values ('swoclip','SWOC?','Whether this trunk will route CLID patterns (defined in a CLIP DDI)');
INSERT OR IGNORE INTO tt_help_core(pkey,displayname,htext,name) values ('sysop','Operator Real Extension','The operator endpoint.  This is used by SARK as the endpoint of last resort so it is important that you point this at a real endpoint.','sysop');
INSERT OR IGNORE INTO tt_help_core(pkey,displayname,htext,name) values ('syspass','4-digit Sys Password','Password used for privileged key operations (such as recording a greeting or putting the system into night mode).','syspass');
INSERT OR IGNORE INTO tt_help_core(pkey,displayname,htext) values ('tactive','A','Active flag.  You can De-activate a trunk by clicking off the ACT checkbox in trunk edit.  SARK will keep the trunk definition but will not generate any entries in the Asterisk .conf files.  This makes it easy to bring trunks into and out of the complex.');
INSERT OR IGNORE INTO tt_help_core(pkey,displayname,htext) values ('tag','Alpha Tag','Alpha tagging allows you to send a short character string to the phone.  Most phones will display this tag when they receive it.');
INSERT OR IGNORE INTO tt_help_core(pkey,displayname,htext) values ('technology','Technology','The Asterisk technology type (e.g. SIP, Zap, DAHDI, mISDN etc etc)');
INSERT OR IGNORE INTO tt_help_core(pkey,displayname,htext) values ('tenantname','Tenant','The name of the Tenant.  It should be system-wide unique.');
INSERT OR IGNORE INTO tt_help_core(pkey,displayname,htext) values ('tenantoperator','Operator','The extension which will serve as the operator for this Tenant.');
INSERT OR IGNORE INTO tt_help_core(pkey,displayname,htext) values ('tertiary','Tertiary Path','The third choice trunk for this route.');
INSERT OR IGNORE INTO tt_help_core(pkey,displayname,htext,name) values ('tftp','TFTP Server','Enable or disable the tftp server. This can save memory in a small system if you are not using provisioning','tftp');
INSERT OR IGNORE INTO tt_help_core(pkey,displayname,htext) values ('timespan','Time Span','Time when this segment is active (asterisk * means any time).');
INSERT OR IGNORE INTO tt_help_core(pkey,displayname,htext) values ('tls','SIP TLS/SRTP','Enable/disable SIP TLS/SRTP for this phone');
INSERT OR IGNORE INTO tt_help_core(pkey,displayname,htext) values ('tlsport','SIP TLS Port Number','SIP TLS default port number is 5061 but you can choose a high port if you wish');
INSERT OR IGNORE INTO tt_help_core(pkey,displayname,htext) values ('tmon','M','End-point monitor flag. Turn on in trunk edit to have SARK monitor the channel health.');
INSERT OR IGNORE INTO tt_help_core(pkey,displayname,htext) values ('transform','Transformation mask','Used to transform numbers using value comparisons and proceeding left to right... xx:xx xx:xx.  Nulls in the left operand result in addition.  Nulls in the right operand result in suppression.');
INSERT OR IGNORE INTO tt_help_core(pkey,displayname,htext) values ('trunkname','Name','This is a name you can give to the trunk to help identify it.');
INSERT OR IGNORE INTO tt_help_core(pkey,displayname,htext) values ('tstate','State','State of the endpoint');
INSERT OR IGNORE INTO tt_help_core(pkey,displayname,htext) values ('uname','User','Name of the endpoint or the endpoint user ');
INSERT OR IGNORE INTO tt_help_core(pkey,displayname,htext) values ('useremail','Email','User email address');
INSERT OR IGNORE INTO tt_help_core(pkey,displayname,htext) values ('username','Username','The username for this IP Carrier account');
INSERT OR IGNORE INTO tt_help_core(pkey,displayname,htext) values ('userpass','Password','User password');
INSERT OR IGNORE INTO tt_help_core(pkey,displayname,htext) values ('userscope','Scope','User control scope');
INSERT OR IGNORE INTO tt_help_core(pkey,displayname,htext) values ('userspan','Span','User control span');
INSERT OR IGNORE INTO tt_help_core(pkey,displayname,htext) values ('userstanza','User Stanza (if required)','Header');
INSERT OR IGNORE INTO tt_help_core(pkey,displayname,htext) values ('vdelete','Empty the mailbox','Delete all the mail for this account (cannot be undone)');
INSERT OR IGNORE INTO tt_help_core(pkey,displayname,htext) values ('version','Version','THis is the SAIL version number.  You may need this when dealing with Tech Support.');
INSERT OR IGNORE INTO tt_help_core(pkey,displayname,htext,name) values ('vlibs','VLIB libraries','The list of directories which a diskless system will keep in memory.  You should leave this field to default unless you absolutely know what you are doing.  Getting this value wrong can lead to data loss and/or early media failure in a CF based system.','vlibs');
INSERT OR IGNORE INTO tt_help_core(pkey,displayname,htext) values ('vmailage','Delete old vmail','Number of days after which opened voicemail will be deleted (blank for never)');
INSERT OR IGNORE INTO tt_help_core(pkey,displayname,htext) values ('vmailfwd','Email address','Set this to the email address of the user if you want Asterisk to send voicemails as encapsulated attachments in an e-mail.  This is often called unified messaging.');
INSERT OR IGNORE INTO tt_help_core(pkey,displayname,htext,name) values ('voiceinstr','Play Long Vmail Intro','Setting this value to YES will cause voicemail to play the long instruction message.  Setting it to NO plays the short version.','voiceinstr');
INSERT OR IGNORE INTO tt_help_core(pkey,displayname,htext,name) values ('voipmax','Max Outbound VOIP calls','Maximum number of concurrent VOIP outbound calls the system will allow before failing over to other pathways.  This number should be set well below the bandwidth threshold of your Internet circuit.','voipmax');
INSERT OR IGNORE INTO tt_help_core(pkey,displayname,htext) values ('vp','Vp','Reset the vmailbox');
INSERT OR IGNORE INTO tt_help_core(pkey,displayname,htext) values ('vr','Vr','Empty the vmailbox');
INSERT OR IGNORE INTO tt_help_core(pkey,displayname,htext) values ('vreset','Reset Vmail password','Reset the voicemail password the the default (extension number) ');
INSERT OR IGNORE INTO tt_help_core(pkey,displayname,htext) values ('vringdelay','Induced VoIP Ring Delay','Allows you place an artificial ring-back tone delay onto a VOIP circuit.  Voip circuits do not naturally ring.  This feature will generate a ring-back tone for the number of seconds specified.  Usually, it is best to leave this value at zero since the target extensions will in any event generate their own ring-back tone.  However, it can be useful if you are using IVR to answer all of your calls.');
INSERT OR IGNORE INTO tt_help_core(pkey,displayname,htext) values ('weekday','Day','Day of the week when this segment is active (asterisk * means any day).');
INSERT OR IGNORE INTO tt_help_core(pkey,displayname,htext) values ('xmpp','XMPP','Enable/Disable XMPP presence');
INSERT OR IGNORE INTO tt_help_core(pkey,displayname,htext) values ('xmppserv','XMPP server','XMPP server URI');
INSERT OR IGNORE INTO tt_help_core(pkey,displayname,htext) values ('year','Year','Year(YYYY)');
INSERT OR IGNORE INTO tt_help_core(pkey,displayname,htext) values ('ztp','Zero Touch Provisioning','Enable this to provide Zero Touch Provisioning. You must also have PnP enabled with this option');
INSERT OR IGNORE INTO Panel(pkey,classname,displayname,weight) values ('100','sarkextension/main.php','Extensions','30');
INSERT OR IGNORE INTO Panel(pkey,classname,displayname,weight,fastnew) values ('105','sarkphone/main.php','Phone','0','no');
INSERT OR IGNORE INTO Panel(pkey,classname,displayname,weight) values ('110','sarktrunk/main.php','Trunks','50');
INSERT OR IGNORE INTO Panel(pkey,classname,displayname,weight,fastnew) values ('115','sarkdiscover/main.php','Discover','50','no');
INSERT OR IGNORE INTO Panel(pkey,classname,displayname,weight,fastnew) values ('120','sarkdevice/main.php','Templates','50','no');
INSERT OR IGNORE INTO Panel(pkey,classname,displayname,weight) values ('130','sarkroute/main.php','Route(Outbound)','50');
INSERT OR IGNORE INTO Panel(pkey,classname,displayname,weight) values ('134','sarkddi/main.php','Route(Inbound)','20');
INSERT OR IGNORE INTO Panel(pkey,classname,displayname,weight,fastnew) values ('140','sarkcos/main.php','Class of Service','50','no');
INSERT OR IGNORE INTO Panel(pkey,classname,displayname,weight) values ('150','sarkcallgroup/main.php','Call Groups','20');
INSERT OR IGNORE INTO Panel(pkey,classname,displayname,weight) values ('160','sarktimer/main.php','Timers','20');
INSERT OR IGNORE INTO Panel(pkey,classname,displayname,weight) values ('170','sarkagent/main.php','Agents','20');
INSERT OR IGNORE INTO Panel(pkey,classname,displayname,weight) values ('180','sarkqueue/main.php','Queues','20');
INSERT OR IGNORE INTO Panel(pkey,classname,displayname,weight) values ('190','sarkivr/main.php','IVR','20');
INSERT OR IGNORE INTO Panel(pkey,classname,displayname,weight,fastnew) values ('200','sarkgreeting/main.php','Greetings','20','no');
INSERT OR IGNORE INTO Panel(pkey,classname,displayname,weight) values ('210','sarkcluster/main.php','Multi-Tenant','50');
INSERT OR IGNORE INTO Panel(pkey,classname,displayname,weight) values ('215','sarkconference/main.php','Conferences','30');
INSERT OR IGNORE INTO Panel(pkey,classname,displayname,weight) values ('220','sarkcallback/main.php','Callback','20');
INSERT OR IGNORE INTO Panel(pkey,classname,displayname,weight,fastnew) values ('224','sarkmcast/main.php','Multicast','50','no');
INSERT OR IGNORE INTO Panel(pkey,classname,displayname,weight,fastnew) values ('230','sarkglobal/main.php','Globals','50','no');
INSERT OR IGNORE INTO Panel(pkey,classname,displayname,weight,fastnew) values ('240','sarkbackup/main.php','Backup/Restore','50','no');
INSERT OR IGNORE INTO Panel(pkey,classname,displayname,weight,fastnew) values ('250','sarklog/main.php','Logs','50','no');
INSERT OR IGNORE INTO Panel(pkey,classname,displayname,weight,fastnew) values ('260','sarkuser/main.php','Users','50','no');
INSERT OR IGNORE INTO Panel(pkey,classname,displayname,weight,fastnew) values ('265','sarkldap/main.php','Directory','','no');
INSERT OR IGNORE INTO Panel(pkey,classname,displayname,weight,fastnew) values ('270','sarkedit/main.php','Asterisk Edit','50','no');
INSERT OR IGNORE INTO Panel(pkey,classname,displayname,weight,fastnew) values ('280','sarkpci/main.php','PCI Cards','50','no');
INSERT OR IGNORE INTO Panel(pkey,classname,displayname,weight) values ('290','sarkapp/main.php','Custom Apps','50');
INSERT OR IGNORE INTO Panel(pkey,classname,displayname,weight,fastnew) values ('300','CDR','CDRs','20','no');
INSERT OR IGNORE INTO Panel(pkey,classname,displayname,fastnew) values ('310','sarkpasswd/main.php','Password','no');
INSERT OR IGNORE INTO Panel(pkey,classname,displayname,weight,fastnew) values ('320','sarknetwork/main.php','Network','50','no');
INSERT OR IGNORE INTO Panel(pkey,classname,displayname,weight) values ('330','sarkedsw/main.php','Firewall','50');
INSERT OR IGNORE INTO Panel(pkey,classname,displayname,weight,fastnew) values ('335','sarkipblacklist/main.php','IP Blacklist','50','no');
INSERT OR IGNORE INTO Panel(pkey,classname,displayname,weight,fastnew) values ('340','sarkfreset/main.php','Factory Reset','50','no');
INSERT OR IGNORE INTO Panel(pkey,classname,displayname,weight) values ('350','sarkholiday/main.php','Holiday Schedule','30');
INSERT OR IGNORE INTO Panel(pkey,classname,displayname,weight,fastnew) values ('370','sarkwallboard/main.php','Wallboard','0','no');

INSERT OR IGNORE INTO PanelGroup(pkey,groupname) values ('100','End points');
INSERT OR IGNORE INTO PanelGroup(pkey,groupname) values ('200','Routing');
/* INSERT OR IGNORE INTO PanelGroup(pkey,groupname) values ('300','ACD'); */
INSERT OR IGNORE INTO PanelGroup(pkey,groupname) values ('400','Features');
INSERT OR IGNORE INTO PanelGroup(pkey,groupname) values ('500','Settings');
INSERT OR IGNORE INTO PanelGroup(pkey,groupname) values ('600','Asterisk');
INSERT OR IGNORE INTO PanelGroup(pkey,groupname) values ('700','CDRs');
INSERT OR IGNORE INTO PanelGroupPanel(PanelGroup_pkey,Panel_pkey) values ('100','100');
INSERT OR IGNORE INTO PanelGroupPanel(PanelGroup_pkey,Panel_pkey) values ('100','105');
INSERT OR IGNORE INTO PanelGroupPanel(PanelGroup_pkey,Panel_pkey) values ('100','110');
INSERT OR IGNORE INTO PanelGroupPanel(PanelGroup_pkey,Panel_pkey) values ('100','115');

/*INSERT OR IGNORE INTO PanelGroupPanel(PanelGroup_pkey,Panel_pkey) values ('100','120');*/
INSERT OR IGNORE INTO PanelGroupPanel(PanelGroup_pkey,Panel_pkey) values ('200','130');
INSERT OR IGNORE INTO PanelGroupPanel(PanelGroup_pkey,Panel_pkey) values ('200','134');

INSERT OR IGNORE INTO PanelGroupPanel(PanelGroup_pkey,Panel_pkey) values ('400','140');
INSERT OR IGNORE INTO PanelGroupPanel(PanelGroup_pkey,Panel_pkey) values ('400','150');
INSERT OR IGNORE INTO PanelGroupPanel(PanelGroup_pkey,Panel_pkey) values ('400','160');
INSERT OR IGNORE INTO PanelGroupPanel(PanelGroup_pkey,Panel_pkey) values ('400','170');
INSERT OR IGNORE INTO PanelGroupPanel(PanelGroup_pkey,Panel_pkey) values ('400','180');
INSERT OR IGNORE INTO PanelGroupPanel(PanelGroup_pkey,Panel_pkey) values ('400','190');
INSERT OR IGNORE INTO PanelGroupPanel(PanelGroup_pkey,Panel_pkey) values ('400','200');
INSERT OR IGNORE INTO PanelGroupPanel(PanelGroup_pkey,Panel_pkey) values ('400','210');
INSERT OR IGNORE INTO PanelGroupPanel(PanelGroup_pkey,Panel_pkey) values ('400','215');
INSERT OR IGNORE INTO PanelGroupPanel(PanelGroup_pkey,Panel_pkey) values ('400','220');
INSERT OR IGNORE INTO PanelGroupPanel(PanelGroup_pkey,Panel_pkey) values ('400','224');
INSERT OR IGNORE INTO PanelGroupPanel(PanelGroup_pkey,Panel_pkey) values ('400','350');

INSERT OR IGNORE INTO PanelGroupPanel(PanelGroup_pkey,Panel_pkey) values ('500','120');
INSERT OR IGNORE INTO PanelGroupPanel(PanelGroup_pkey,Panel_pkey) values ('500','230');
INSERT OR IGNORE INTO PanelGroupPanel(PanelGroup_pkey,Panel_pkey) values ('500','240');
INSERT OR IGNORE INTO PanelGroupPanel(PanelGroup_pkey,Panel_pkey) values ('500','250');
INSERT OR IGNORE INTO PanelGroupPanel(PanelGroup_pkey,Panel_pkey) values ('500','260');
INSERT OR IGNORE INTO PanelGroupPanel(PanelGroup_pkey,Panel_pkey) values ('500','265');
INSERT OR IGNORE INTO PanelGroupPanel(PanelGroup_pkey,Panel_pkey) values ('500','310');

INSERT OR IGNORE INTO PanelGroupPanel(PanelGroup_pkey,Panel_pkey) values ('600','270');
INSERT OR IGNORE INTO PanelGroupPanel(PanelGroup_pkey,Panel_pkey) values ('600','280');
INSERT OR IGNORE INTO PanelGroupPanel(PanelGroup_pkey,Panel_pkey) values ('600','290');
INSERT OR IGNORE INTO PanelGroupPanel(PanelGroup_pkey,Panel_pkey) values ('600','370');

INSERT OR IGNORE INTO PanelGroupPanel(PanelGroup_pkey,Panel_pkey) values ('700','300');
INSERT OR IGNORE INTO PanelGroupPanel(PanelGroup_pkey,Panel_pkey) values ('500','320');
INSERT OR IGNORE INTO PanelGroupPanel(PanelGroup_pkey,Panel_pkey) values ('500','330');
INSERT OR IGNORE INTO PanelGroupPanel(PanelGroup_pkey,Panel_pkey) values ('500','335');
INSERT OR IGNORE INTO PanelGroupPanel(PanelGroup_pkey,Panel_pkey) values ('500','340');

INSERT OR IGNORE INTO vendorxref(pkey,intpkey) values ('KX-UT113X','Panasonic KX');
INSERT OR IGNORE INTO vendorxref(pkey,intpkey) values ('KX-UT123X','Panasonic KX');
INSERT OR IGNORE INTO vendorxref(pkey,intpkey) values ('KX-UT133X','Panasonic KX');
INSERT OR IGNORE INTO vendorxref(pkey,intpkey) values ('KX-UT136X','Panasonic KX');
INSERT OR IGNORE INTO vendorxref(pkey,intpkey) values ('KX-UT248X','Panasonic KX');
INSERT OR IGNORE INTO vendorxref(pkey,intpkey) values ('KX-HDV130X','Panasonic KX-HDV');
INSERT OR IGNORE INTO vendorxref(pkey,intpkey) values ('KX-HDV230X','Panasonic KX-HDV');
INSERT OR IGNORE INTO vendorxref(pkey,intpkey) values ('KX-HDV330B','Panasonic KX-HDV');
INSERT OR IGNORE INTO vendorxref(pkey,intpkey) values ('N510 IP PRO','Gigaset');
INSERT OR IGNORE INTO vendorxref(pkey,intpkey) values ('SIP-T12P','Yealink T12');
INSERT OR IGNORE INTO vendorxref(pkey,intpkey) values ('SIP-T18P','Yealink T18');
INSERT OR IGNORE INTO vendorxref(pkey,intpkey) values ('SIP-T20P','Yealink T20');
INSERT OR IGNORE INTO vendorxref(pkey,intpkey) values ('SIP-T21P','Yealink T21');
INSERT OR IGNORE INTO vendorxref(pkey,intpkey) values ('SIP-T21P_E2','Yealink T21');
INSERT OR IGNORE INTO vendorxref(pkey,intpkey) values ('SIP-T22P','Yealink T22');
INSERT OR IGNORE INTO vendorxref(pkey,intpkey) values ('SIP-T26P','Yealink T26');
INSERT OR IGNORE INTO vendorxref(pkey,intpkey) values ('SIP-T27P','Yealink T27');
INSERT OR IGNORE INTO vendorxref(pkey,intpkey) values ('SIP-T28P','Yealink T28');
INSERT OR IGNORE INTO vendorxref(pkey,intpkey) values ('SIP-T29P','Yealink T29');
INSERT OR IGNORE INTO vendorxref(pkey,intpkey) values ('SIP-T32G','Yealink T32');
INSERT OR IGNORE INTO vendorxref(pkey,intpkey) values ('SIP-T38G','Yealink T38');
INSERT OR IGNORE INTO vendorxref(pkey,intpkey) values ('T19D','Yealink T19');
INSERT OR IGNORE INTO vendorxref(pkey,intpkey) values ('T21D','Yealink T21');
INSERT OR IGNORE INTO vendorxref(pkey,intpkey) values ('T23','Yealink T23');
INSERT OR IGNORE INTO vendorxref(pkey,intpkey) values ('T41','Yealink T41');
INSERT OR IGNORE INTO vendorxref(pkey,intpkey) values ('T42','Yealink T42');
INSERT OR IGNORE INTO vendorxref(pkey,intpkey) values ('T46','Yealink T46');
INSERT OR IGNORE INTO vendorxref(pkey,intpkey) values ('T48','Yealink T48');
INSERT OR IGNORE INTO vendorxref(pkey,intpkey) values ('T52','Yealink T58');
INSERT OR IGNORE INTO vendorxref(pkey,intpkey) values ('T58','Yealink T58');

INSERT OR IGNORE INTO vendorxref(pkey,intpkey) values ('W52P','Yealink W52P');

INSERT OR IGNORE INTO vendorxref(pkey,intpkey) values ('snomD305','Snom D305');
INSERT OR IGNORE INTO vendorxref(pkey,intpkey) values ('snomD315','Snom D315');
INSERT OR IGNORE INTO vendorxref(pkey,intpkey) values ('snomD345','Snom D345');
INSERT OR IGNORE INTO vendorxref(pkey,intpkey) values ('snomD710','Snom D710');
INSERT OR IGNORE INTO vendorxref(pkey,intpkey) values ('snomD715','Snom D715');
INSERT OR IGNORE INTO vendorxref(pkey,intpkey) values ('snomD725','Snom D725');
INSERT OR IGNORE INTO vendorxref(pkey,intpkey) values ('snomD745','Snom D745');
INSERT OR IGNORE INTO vendorxref(pkey,intpkey) values ('snomD765','Snom D765');

INSERT OR IGNORE INTO vendorxref(pkey,intpkey) values ('snom300','Snom 300');
INSERT OR IGNORE INTO vendorxref(pkey,intpkey) values ('snom320','Snom 320');
INSERT OR IGNORE INTO vendorxref(pkey,intpkey) values ('snom360','Snom 360');
INSERT OR IGNORE INTO vendorxref(pkey,intpkey) values ('snom370','Snom 370');
INSERT OR IGNORE INTO vendorxref(pkey,intpkey) values ('snom710','Snom 710');
INSERT OR IGNORE INTO vendorxref(pkey,intpkey) values ('snom715','Snom 715');
INSERT OR IGNORE INTO vendorxref(pkey,intpkey) values ('snom720','Snom 720');
INSERT OR IGNORE INTO vendorxref(pkey,intpkey) values ('snom760','Snom 760');
INSERT OR IGNORE INTO vendorxref(pkey,intpkey) values ('snom820','Snom 820');
INSERT OR IGNORE INTO vendorxref(pkey,intpkey) values ('snom821','Snom 821');
INSERT OR IGNORE INTO vendorxref(pkey,intpkey) values ('snom870','Snom 870');
INSERT OR IGNORE INTO vendorxref(pkey,intpkey) values ('VSP600A','Vtech');
INSERT OR IGNORE INTO vendorxref(pkey,intpkey) values ('VSP715A','Vtech');
INSERT OR IGNORE INTO vendorxref(pkey,intpkey) values ('VSP725A','Vtech');
INSERT OR IGNORE INTO vendorxref(pkey,intpkey) values ('VSP735A','Vtech');
INSERT OR IGNORE INTO vendorxref(pkey,intpkey) values ('VCS754A','Vtech');

INSERT OR IGNORE INTO Device_atl(pkey) VALUES('Aastra');
INSERT OR IGNORE INTO Device_atl(pkey) VALUES('Aastra VXT');
INSERT OR IGNORE INTO Device_atl(pkey) VALUES('AnalogFXS');
INSERT OR IGNORE INTO Device_atl(pkey) VALUES('Cisco/Linksys(SPA)');
INSERT OR IGNORE INTO Device_atl(pkey) VALUES('CiscoSPA');
INSERT OR IGNORE INTO Device_atl(pkey) VALUES('General IAX');
INSERT OR IGNORE INTO Device_atl(pkey) VALUES('General SIP');
INSERT OR IGNORE INTO Device_atl(pkey) VALUES('Gigaset');
INSERT OR IGNORE INTO Device_atl(pkey) VALUES('MAILBOX');
INSERT OR IGNORE INTO Device_atl(pkey) VALUES('PIKAFXS');
INSERT OR IGNORE INTO Device_atl(pkey) VALUES('Panasonic KX');
INSERT OR IGNORE INTO Device_atl(pkey) VALUES('Panasonic KX-HDV');
INSERT OR IGNORE INTO Device_atl(pkey) VALUES('Panasonic TGP5xx');
INSERT OR IGNORE INTO Device_atl(pkey) VALUES('Polycom');
INSERT OR IGNORE INTO Device_atl(pkey) VALUES('Polycom IP320/330');
INSERT OR IGNORE INTO Device_atl(pkey) VALUES('Polycom VXT');
INSERT OR IGNORE INTO Device_atl(pkey) VALUES('SipStack');
INSERT OR IGNORE INTO Device_atl(pkey) VALUES('Snom D305');
INSERT OR IGNORE INTO Device_atl(pkey) VALUES('Snom D315');
INSERT OR IGNORE INTO Device_atl(pkey) VALUES('Snom D345');
INSERT OR IGNORE INTO Device_atl(pkey) VALUES('Snom D375');
INSERT OR IGNORE INTO Device_atl(pkey) VALUES('Snom D710');
INSERT OR IGNORE INTO Device_atl(pkey) VALUES('Snom D712');
INSERT OR IGNORE INTO Device_atl(pkey) VALUES('Snom D715');
INSERT OR IGNORE INTO Device_atl(pkey) VALUES('Snom D725');
INSERT OR IGNORE INTO Device_atl(pkey) VALUES('Snom D745');
INSERT OR IGNORE INTO Device_atl(pkey) VALUES('Snom D765');
INSERT OR IGNORE INTO Device_atl(pkey) VALUES('Snom 300');
INSERT OR IGNORE INTO Device_atl(pkey) VALUES('Snom 300 VXT');
INSERT OR IGNORE INTO Device_atl(pkey) VALUES('Snom 300 XML');
INSERT OR IGNORE INTO Device_atl(pkey) VALUES('Snom 320');
INSERT OR IGNORE INTO Device_atl(pkey) VALUES('Snom 320 VXT');
INSERT OR IGNORE INTO Device_atl(pkey) VALUES('Snom 320 XML');
INSERT OR IGNORE INTO Device_atl(pkey) VALUES('Snom 360');
INSERT OR IGNORE INTO Device_atl(pkey) VALUES('Snom 360 VXT');
INSERT OR IGNORE INTO Device_atl(pkey) VALUES('Snom 360 XML');
INSERT OR IGNORE INTO Device_atl(pkey) VALUES('Snom 370');
INSERT OR IGNORE INTO Device_atl(pkey) VALUES('Snom 370 VXT');
INSERT OR IGNORE INTO Device_atl(pkey) VALUES('Snom 370 XML');
INSERT OR IGNORE INTO Device_atl(pkey) VALUES('Snom 710');
INSERT OR IGNORE INTO Device_atl(pkey) VALUES('Snom 710 VXT');
INSERT OR IGNORE INTO Device_atl(pkey) VALUES('Snom 715');
INSERT OR IGNORE INTO Device_atl(pkey) VALUES('Snom 720');
INSERT OR IGNORE INTO Device_atl(pkey) VALUES('Snom 720 VXT');
INSERT OR IGNORE INTO Device_atl(pkey) VALUES('Snom 760');
INSERT OR IGNORE INTO Device_atl(pkey) VALUES('Snom 760 VXT');
INSERT OR IGNORE INTO Device_atl(pkey) VALUES('Snom 820');
INSERT OR IGNORE INTO Device_atl(pkey) VALUES('Snom 820 VXT');
INSERT OR IGNORE INTO Device_atl(pkey) VALUES('Snom 820 XML');
INSERT OR IGNORE INTO Device_atl(pkey) VALUES('Snom 821');
INSERT OR IGNORE INTO Device_atl(pkey) VALUES('Snom 821 VXT');
INSERT OR IGNORE INTO Device_atl(pkey) VALUES('Snom 870');
INSERT OR IGNORE INTO Device_atl(pkey) VALUES('Snom 870 VXT');
INSERT OR IGNORE INTO Device_atl(pkey) VALUES('Snom 870 XML');
INSERT OR IGNORE INTO Device_atl(pkey) VALUES('Snom VXT');

INSERT OR IGNORE INTO Device_atl(pkey) VALUES('Yealink CP860');
INSERT OR IGNORE INTO Device_atl(pkey) VALUES('Yealink CP920');
INSERT OR IGNORE INTO Device_atl(pkey) VALUES('Yealink CP960');
INSERT OR IGNORE INTO Device_atl(pkey) VALUES('Yealink T12');
INSERT OR IGNORE INTO Device_atl(pkey) VALUES('Yealink T18');
INSERT OR IGNORE INTO Device_atl(pkey) VALUES('Yealink T19');
INSERT OR IGNORE INTO Device_atl(pkey) VALUES('Yealink T20');
INSERT OR IGNORE INTO Device_atl(pkey) VALUES('Yealink T21');
INSERT OR IGNORE INTO Device_atl(pkey) VALUES('Yealink T22');
INSERT OR IGNORE INTO Device_atl(pkey) VALUES('Yealink T23');
INSERT OR IGNORE INTO Device_atl(pkey) VALUES('Yealink T26');
INSERT OR IGNORE INTO Device_atl(pkey) VALUES('Yealink T27');
INSERT OR IGNORE INTO Device_atl(pkey) VALUES('Yealink T28');
INSERT OR IGNORE INTO Device_atl(pkey) VALUES('Yealink T29');
INSERT OR IGNORE INTO Device_atl(pkey) VALUES('Yealink T32');
INSERT OR IGNORE INTO Device_atl(pkey) VALUES('Yealink T38');
INSERT OR IGNORE INTO Device_atl(pkey) VALUES('Yealink T40');
INSERT OR IGNORE INTO Device_atl(pkey) VALUES('Yealink T41');
INSERT OR IGNORE INTO Device_atl(pkey) VALUES('Yealink T42');
INSERT OR IGNORE INTO Device_atl(pkey) VALUES('Yealink T46');
INSERT OR IGNORE INTO Device_atl(pkey) VALUES('Yealink T48');
INSERT OR IGNORE INTO Device_atl(pkey) VALUES('Yealink T52');
INSERT OR IGNORE INTO Device_atl(pkey) VALUES('Yealink T54');
INSERT OR IGNORE INTO Device_atl(pkey) VALUES('Yealink T56');
INSERT OR IGNORE INTO Device_atl(pkey) VALUES('Yealink T58');
INSERT OR IGNORE INTO Device_atl(pkey) VALUES('Yealink VP530');
INSERT OR IGNORE INTO Device_atl(pkey) VALUES('Yealink VXT');
INSERT OR IGNORE INTO Device_atl(pkey) VALUES('Yealink W52P');
INSERT OR IGNORE INTO Device_atl(pkey) VALUES('Yealink W60P');
INSERT OR IGNORE INTO Device_atl(pkey) VALUES('aastra.Fkey');
INSERT OR IGNORE INTO Device_atl(pkey) VALUES('aastra.cfg');
INSERT OR IGNORE INTO Device_atl(pkey) VALUES('cisco.Common');
INSERT OR IGNORE INTO Device_atl(pkey) VALUES('cisco.Fkey');
INSERT OR IGNORE INTO Device_atl(pkey) VALUES('directory.xml');
INSERT OR IGNORE INTO Device_atl(pkey) VALUES('panasonic.Fkey');
INSERT OR IGNORE INTO Device_atl(pkey) VALUES('panasonicHDV.Fkey');
INSERT OR IGNORE INTO Device_atl(pkey) VALUES('phone.cfg');
INSERT OR IGNORE INTO Device_atl(pkey) VALUES('polycom-locals.cfg');
INSERT OR IGNORE INTO Device_atl(pkey) VALUES('polycom-phone1.cfg');
INSERT OR IGNORE INTO Device_atl(pkey) VALUES('polycom.Fkey');
INSERT OR IGNORE INTO Device_atl(pkey) VALUES('snom.Common');
INSERT OR IGNORE INTO Device_atl(pkey) VALUES('snom.Fkey');
INSERT OR IGNORE INTO Device_atl(pkey) VALUES('snom.tls');
INSERT OR IGNORE INTO Device_atl(pkey) VALUES('VCS754A.cfg');
INSERT OR IGNORE INTO Device_atl(pkey) VALUES('VSP600A.cfg');
INSERT OR IGNORE INTO Device_atl(pkey) VALUES('VSP715A.cfg');
INSERT OR IGNORE INTO Device_atl(pkey) VALUES('VSP725A.cfg');
INSERT OR IGNORE INTO Device_atl(pkey) VALUES('Vtech');
INSERT OR IGNORE INTO Device_atl(pkey) VALUES('Vtech.Common');
INSERT OR IGNORE INTO Device_atl(pkey) VALUES('y000000000000.cfg');
INSERT OR IGNORE INTO Device_atl(pkey) VALUES('y000000000004.cfg');
INSERT OR IGNORE INTO Device_atl(pkey) VALUES('y000000000005.cfg');
INSERT OR IGNORE INTO Device_atl(pkey) VALUES('y000000000007.cfg');
INSERT OR IGNORE INTO Device_atl(pkey) VALUES('y000000000009.cfg');
INSERT OR IGNORE INTO Device_atl(pkey) VALUES('y000000000023.cfg');
INSERT OR IGNORE INTO Device_atl(pkey) VALUES('y000000000025.cfg');
INSERT OR IGNORE INTO Device_atl(pkey) VALUES('y000000000028.cfg');
INSERT OR IGNORE INTO Device_atl(pkey) VALUES('y000000000029.cfg');
INSERT OR IGNORE INTO Device_atl(pkey) VALUES('y000000000031.cfg');
INSERT OR IGNORE INTO Device_atl(pkey) VALUES('y000000000032.cfg');
INSERT OR IGNORE INTO Device_atl(pkey) VALUES('y000000000034.cfg');
INSERT OR IGNORE INTO Device_atl(pkey) VALUES('y000000000035.cfg');
INSERT OR IGNORE INTO Device_atl(pkey) VALUES('y000000000036.cfg');
INSERT OR IGNORE INTO Device_atl(pkey) VALUES('y000000000038.cfg');
INSERT OR IGNORE INTO Device_atl(pkey) VALUES('y000000000053.cfg');
INSERT OR IGNORE INTO Device_atl(pkey) VALUES('yealink.Common');
INSERT OR IGNORE INTO Device_atl(pkey) VALUES('yealink.Fkey');
INSERT OR IGNORE INTO Device_atl(pkey) VALUES('yealink.Lkey');
INSERT OR IGNORE INTO Device_atl(pkey) VALUES('yealink.tls');
INSERT OR IGNORE INTO Device_atl(pkey) VALUES('VSP726A.cfg');
INSERT OR IGNORE INTO Device_atl(pkey) VALUES('VSP735A.cfg');
INSERT OR IGNORE INTO Device_atl(pkey) VALUES('snom.udp');
INSERT OR IGNORE INTO Device_atl(pkey) VALUES('yealink.udp');
INSERT OR IGNORE INTO Device_atl(pkey) VALUES('panasonic.tls');
INSERT OR IGNORE INTO Device_atl(pkey) VALUES('panasonic.udp');

COMMIT;
